model,repeat_index,iteration,carried_forward,motor_distance_steps
gpt_5_6_sol,0,0,False,2186.2005854907275
gpt_5_6_sol,0,1,False,1878.1568092148216
gpt_5_6_sol,0,2,False,3745.8607822501895
gpt_5_6_sol,0,3,False,4653.7590182561025
gpt_5_6_sol,0,4,False,3311.868505843793
gpt_5_6_sol,0,5,False,2899.2193776946233
gpt_5_6_sol,0,6,False,2430.9407643955456
gpt_5_6_sol,0,7,False,2326.687129804951
gpt_5_6_sol,0,8,False,2317.730139597792
gpt_5_6_sol,0,9,False,826.3613011268134
gpt_5_6_sol,0,10,False,1693.4795540543146
gpt_5_6_sol,0,11,False,1321.3148754176652
gpt_5_6_sol,0,12,False,148.03040228277433
gpt_5_6_sol,0,13,False,948.0047468235589
gpt_5_6_sol,0,14,False,1748.0025743688136
gpt_5_6_sol,0,15,False,1252.003594244042
gpt_5_6_sol,0,16,False,148.03040228277433
gpt_5_6_sol,0,17,True,148.03040228277433
gpt_5_6_sol,0,18,True,148.03040228277433
gpt_5_6_sol,0,19,True,148.03040228277433
gpt_5_6_sol,0,20,True,148.03040228277433
gpt_5_6_sol,0,21,True,148.03040228277433
gpt_5_6_sol,0,22,True,148.03040228277433
gpt_5_6_sol,0,23,True,148.03040228277433
gpt_5_6_sol,0,24,True,148.03040228277433
gpt_5_6_sol,0,25,True,148.03040228277433
gpt_5_6_sol,0,26,True,148.03040228277433
gpt_5_6_sol,0,27,True,148.03040228277433
gpt_5_6_sol,0,28,True,148.03040228277433
gpt_5_6_sol,0,29,True,148.03040228277433
gpt_5_6_sol,0,30,True,148.03040228277433
gpt_5_6_sol,0,31,True,148.03040228277433
gpt_5_6_sol,0,32,True,148.03040228277433
gpt_5_6_sol,0,33,True,148.03040228277433
gpt_5_6_sol,0,34,True,148.03040228277433
gpt_5_6_sol,0,35,True,148.03040228277433
gpt_5_6_sol,0,36,True,148.03040228277433
gpt_5_6_sol,0,37,True,148.03040228277433
gpt_5_6_sol,0,38,True,148.03040228277433
gpt_5_6_sol,0,39,True,148.03040228277433
gpt_5_6_sol,0,40,True,148.03040228277433
gpt_5_6_sol,0,41,True,148.03040228277433
gpt_5_6_sol,0,42,True,148.03040228277433
gpt_5_6_sol,0,43,True,148.03040228277433
gpt_5_6_sol,0,44,True,148.03040228277433
gpt_5_6_sol,0,45,True,148.03040228277433
gpt_5_6_sol,0,46,True,148.03040228277433
gpt_5_6_sol,0,47,True,148.03040228277433
gpt_5_6_sol,0,48,True,148.03040228277433
gpt_5_6_sol,0,49,True,148.03040228277433
gpt_5_6_sol,0,50,True,148.03040228277433
gpt_5_6_sol,0,51,True,148.03040228277433
gpt_5_6_sol,1,0,False,3375.000148148145
gpt_5_6_sol,1,1,False,4865.760577751437
gpt_5_6_sol,1,2,False,1417.9654438666691
gpt_5_6_sol,1,3,False,1714.8253555391582
gpt_5_6_sol,1,4,False,475.0010526304126
gpt_5_6_sol,1,5,False,1062.3681094611227
gpt_5_6_sol,1,6,False,166.57130605239308
gpt_5_6_sol,1,7,False,847.1989140691812
gpt_5_6_sol,1,8,False,1156.609700806629
gpt_5_6_sol,1,9,False,582.01890003676
gpt_5_6_sol,1,10,False,465.55987799637546
gpt_5_6_sol,1,11,False,166.57130605239308
gpt_5_6_sol,1,12,True,166.57130605239308
gpt_5_6_sol,1,13,True,166.57130605239308
gpt_5_6_sol,1,14,True,166.57130605239308
gpt_5_6_sol,1,15,True,166.57130605239308
gpt_5_6_sol,1,16,True,166.57130605239308
gpt_5_6_sol,1,17,True,166.57130605239308
gpt_5_6_sol,1,18,True,166.57130605239308
gpt_5_6_sol,1,19,True,166.57130605239308
gpt_5_6_sol,1,20,True,166.57130605239308
gpt_5_6_sol,1,21,True,166.57130605239308
gpt_5_6_sol,1,22,True,166.57130605239308
gpt_5_6_sol,1,23,True,166.57130605239308
gpt_5_6_sol,1,24,True,166.57130605239308
gpt_5_6_sol,1,25,True,166.57130605239308
gpt_5_6_sol,1,26,True,166.57130605239308
gpt_5_6_sol,1,27,True,166.57130605239308
gpt_5_6_sol,1,28,True,166.57130605239308
gpt_5_6_sol,1,29,True,166.57130605239308
gpt_5_6_sol,1,30,True,166.57130605239308
gpt_5_6_sol,1,31,True,166.57130605239308
gpt_5_6_sol,1,32,True,166.57130605239308
gpt_5_6_sol,1,33,True,166.57130605239308
gpt_5_6_sol,1,34,True,166.57130605239308
gpt_5_6_sol,1,35,True,166.57130605239308
gpt_5_6_sol,1,36,True,166.57130605239308
gpt_5_6_sol,1,37,True,166.57130605239308
gpt_5_6_sol,1,38,True,166.57130605239308
gpt_5_6_sol,1,39,True,166.57130605239308
gpt_5_6_sol,1,40,True,166.57130605239308
gpt_5_6_sol,1,41,True,166.57130605239308
gpt_5_6_sol,1,42,True,166.57130605239308
gpt_5_6_sol,1,43,True,166.57130605239308
gpt_5_6_sol,1,44,True,166.57130605239308
gpt_5_6_sol,1,45,True,166.57130605239308
gpt_5_6_sol,1,46,True,166.57130605239308
gpt_5_6_sol,1,47,True,166.57130605239308
gpt_5_6_sol,1,48,True,166.57130605239308
gpt_5_6_sol,1,49,True,166.57130605239308
gpt_5_6_sol,1,50,True,166.57130605239308
gpt_5_6_sol,1,51,True,166.57130605239308
gpt_5_6_sol,2,0,False,1979.1071219112926
gpt_5_6_sol,2,1,False,656.4030773846205
gpt_5_6_sol,2,2,False,4938.508378042909
gpt_5_6_sol,2,3,False,3945.233199698086
gpt_5_6_sol,2,4,False,2956.49539150664
gpt_5_6_sol,2,5,False,1202.0253741082174
gpt_5_6_sol,2,6,False,2952.772426043023
gpt_5_6_sol,2,7,False,3280.6805696379524
gpt_5_6_sol,2,8,False,2912.0207760247868
gpt_5_6_sol,2,9,False,1084.1439018875676
gpt_5_6_sol,2,10,False,2920.1486263544875
gpt_5_6_sol,2,11,False,3195.4448829544845
gpt_5_6_sol,2,12,False,1221.1748441562331
gpt_5_6_sol,2,13,False,2219.745030403267
gpt_5_6_sol,2,14,False,1513.560372102811
gpt_5_6_sol,2,15,False,1092.549770033384
gpt_5_6_sol,2,16,False,1791.1630299891744
gpt_5_6_sol,2,17,False,235.0914715594762
gpt_5_6_sol,2,18,False,235.0914715594762
gpt_5_6_sol,2,19,True,235.0914715594762
gpt_5_6_sol,2,20,True,235.0914715594762
gpt_5_6_sol,2,21,True,235.0914715594762
gpt_5_6_sol,2,22,True,235.0914715594762
gpt_5_6_sol,2,23,True,235.0914715594762
gpt_5_6_sol,2,24,True,235.0914715594762
gpt_5_6_sol,2,25,True,235.0914715594762
gpt_5_6_sol,2,26,True,235.0914715594762
gpt_5_6_sol,2,27,True,235.0914715594762
gpt_5_6_sol,2,28,True,235.0914715594762
gpt_5_6_sol,2,29,True,235.0914715594762
gpt_5_6_sol,2,30,True,235.0914715594762
gpt_5_6_sol,2,31,True,235.0914715594762
gpt_5_6_sol,2,32,True,235.0914715594762
gpt_5_6_sol,2,33,True,235.0914715594762
gpt_5_6_sol,2,34,True,235.0914715594762
gpt_5_6_sol,2,35,True,235.0914715594762
gpt_5_6_sol,2,36,True,235.0914715594762
gpt_5_6_sol,2,37,True,235.0914715594762
gpt_5_6_sol,2,38,True,235.0914715594762
gpt_5_6_sol,2,39,True,235.0914715594762
gpt_5_6_sol,2,40,True,235.0914715594762
gpt_5_6_sol,2,41,True,235.0914715594762
gpt_5_6_sol,2,42,True,235.0914715594762
gpt_5_6_sol,2,43,True,235.0914715594762
gpt_5_6_sol,2,44,True,235.0914715594762
gpt_5_6_sol,2,45,True,235.0914715594762
gpt_5_6_sol,2,46,True,235.0914715594762
gpt_5_6_sol,2,47,True,235.0914715594762
gpt_5_6_sol,2,48,True,235.0914715594762
gpt_5_6_sol,2,49,True,235.0914715594762
gpt_5_6_sol,2,50,True,235.0914715594762
gpt_5_6_sol,2,51,True,235.0914715594762
gpt_5_6_sol,3,0,False,2313.4757400932476
gpt_5_6_sol,3,1,False,4301.1823955745
gpt_5_6_sol,3,2,False,3803.0474622334127
gpt_5_6_sol,3,3,False,3305.4757600079297
gpt_5_6_sol,3,4,False,793.8324760300501
gpt_5_6_sol,3,5,False,1525.834198070026
gpt_5_6_sol,3,6,False,965.4895131486411
gpt_5_6_sol,3,7,False,993.000503524545
gpt_5_6_sol,3,8,False,1890.1454970451348
gpt_5_6_sol,3,9,False,721.2835780745323
gpt_5_6_sol,3,10,False,139.46325680981354
gpt_5_6_sol,3,11,False,1305.4692642877503
gpt_5_6_sol,3,12,False,1164.2379481875687
gpt_5_6_sol,3,13,False,943.3186100146652
gpt_5_6_sol,3,14,False,943.3186100146652
gpt_5_6_sol,3,15,True,943.3186100146652
gpt_5_6_sol,3,16,True,943.3186100146652
gpt_5_6_sol,3,17,True,943.3186100146652
gpt_5_6_sol,3,18,True,943.3186100146652
gpt_5_6_sol,3,19,True,943.3186100146652
gpt_5_6_sol,3,20,True,943.3186100146652
gpt_5_6_sol,3,21,True,943.3186100146652
gpt_5_6_sol,3,22,True,943.3186100146652
gpt_5_6_sol,3,23,True,943.3186100146652
gpt_5_6_sol,3,24,True,943.3186100146652
gpt_5_6_sol,3,25,True,943.3186100146652
gpt_5_6_sol,3,26,True,943.3186100146652
gpt_5_6_sol,3,27,True,943.3186100146652
gpt_5_6_sol,3,28,True,943.3186100146652
gpt_5_6_sol,3,29,True,943.3186100146652
gpt_5_6_sol,3,30,True,943.3186100146652
gpt_5_6_sol,3,31,True,943.3186100146652
gpt_5_6_sol,3,32,True,943.3186100146652
gpt_5_6_sol,3,33,True,943.3186100146652
gpt_5_6_sol,3,34,True,943.3186100146652
gpt_5_6_sol,3,35,True,943.3186100146652
gpt_5_6_sol,3,36,True,943.3186100146652
gpt_5_6_sol,3,37,True,943.3186100146652
gpt_5_6_sol,3,38,True,943.3186100146652
gpt_5_6_sol,3,39,True,943.3186100146652
gpt_5_6_sol,3,40,True,943.3186100146652
gpt_5_6_sol,3,41,True,943.3186100146652
gpt_5_6_sol,3,42,True,943.3186100146652
gpt_5_6_sol,3,43,True,943.3186100146652
gpt_5_6_sol,3,44,True,943.3186100146652
gpt_5_6_sol,3,45,True,943.3186100146652
gpt_5_6_sol,3,46,True,943.3186100146652
gpt_5_6_sol,3,47,True,943.3186100146652
gpt_5_6_sol,3,48,True,943.3186100146652
gpt_5_6_sol,3,49,True,943.3186100146652
gpt_5_6_sol,3,50,True,943.3186100146652
gpt_5_6_sol,3,51,True,943.3186100146652
gpt_5_6_sol,4,0,False,3626.1683634381898
gpt_5_6_sol,4,1,False,2685.3485807246702
gpt_5_6_sol,4,2,False,1859.8647800310646
gpt_5_6_sol,4,3,False,2563.4151048942504
gpt_5_6_sol,4,4,False,2104.5419929286277
gpt_5_6_sol,4,5,False,1420.4425366765106
gpt_5_6_sol,4,6,False,1582.2948524216338
gpt_5_6_sol,4,7,False,1067.0787224942685
gpt_5_6_sol,4,8,False,939.4982703549805
gpt_5_6_sol,4,9,False,127.81627439414747
gpt_5_6_sol,4,10,False,127.81627439414747
gpt_5_6_sol,4,11,True,127.81627439414747
gpt_5_6_sol,4,12,True,127.81627439414747
gpt_5_6_sol,4,13,True,127.81627439414747
gpt_5_6_sol,4,14,True,127.81627439414747
gpt_5_6_sol,4,15,True,127.81627439414747
gpt_5_6_sol,4,16,True,127.81627439414747
gpt_5_6_sol,4,17,True,127.81627439414747
gpt_5_6_sol,4,18,True,127.81627439414747
gpt_5_6_sol,4,19,True,127.81627439414747
gpt_5_6_sol,4,20,True,127.81627439414747
gpt_5_6_sol,4,21,True,127.81627439414747
gpt_5_6_sol,4,22,True,127.81627439414747
gpt_5_6_sol,4,23,True,127.81627439414747
gpt_5_6_sol,4,24,True,127.81627439414747
gpt_5_6_sol,4,25,True,127.81627439414747
gpt_5_6_sol,4,26,True,127.81627439414747
gpt_5_6_sol,4,27,True,127.81627439414747
gpt_5_6_sol,4,28,True,127.81627439414747
gpt_5_6_sol,4,29,True,127.81627439414747
gpt_5_6_sol,4,30,True,127.81627439414747
gpt_5_6_sol,4,31,True,127.81627439414747
gpt_5_6_sol,4,32,True,127.81627439414747
gpt_5_6_sol,4,33,True,127.81627439414747
gpt_5_6_sol,4,34,True,127.81627439414747
gpt_5_6_sol,4,35,True,127.81627439414747
gpt_5_6_sol,4,36,True,127.81627439414747
gpt_5_6_sol,4,37,True,127.81627439414747
gpt_5_6_sol,4,38,True,127.81627439414747
gpt_5_6_sol,4,39,True,127.81627439414747
gpt_5_6_sol,4,40,True,127.81627439414747
gpt_5_6_sol,4,41,True,127.81627439414747
gpt_5_6_sol,4,42,True,127.81627439414747
gpt_5_6_sol,4,43,True,127.81627439414747
gpt_5_6_sol,4,44,True,127.81627439414747
gpt_5_6_sol,4,45,True,127.81627439414747
gpt_5_6_sol,4,46,True,127.81627439414747
gpt_5_6_sol,4,47,True,127.81627439414747
gpt_5_6_sol,4,48,True,127.81627439414747
gpt_5_6_sol,4,49,True,127.81627439414747
gpt_5_6_sol,4,50,True,127.81627439414747
gpt_5_6_sol,4,51,True,127.81627439414747
gpt_5_6_sol,5,0,False,2132.6312386345653
gpt_5_6_sol,5,1,False,1802.253034398888
gpt_5_6_sol,5,2,False,2578.394073837434
gpt_5_6_sol,5,3,False,3801.0677447264734
gpt_5_6_sol,5,4,False,3160.0025316445553
gpt_5_6_sol,5,5,False,2013.9801389288823
gpt_5_6_sol,5,6,False,1861.2135825852981
gpt_5_6_sol,5,7,False,650.0123075757874
gpt_5_6_sol,5,8,False,1650.0048484777249
gpt_5_6_sol,5,9,False,2650.003018866205
gpt_5_6_sol,5,10,False,1350.0059259129198
gpt_5_6_sol,5,11,False,230.0347799790284
gpt_5_6_sol,5,12,False,638.8395729758763
gpt_5_6_sol,5,13,False,1225.7715937318828
gpt_5_6_sol,5,14,False,1217.9146111283828
gpt_5_6_sol,5,15,False,253.25086376950424
gpt_5_6_sol,5,16,False,253.25086376950424
gpt_5_6_sol,5,17,True,253.25086376950424
gpt_5_6_sol,5,18,True,253.25086376950424
gpt_5_6_sol,5,19,True,253.25086376950424
gpt_5_6_sol,5,20,True,253.25086376950424
gpt_5_6_sol,5,21,True,253.25086376950424
gpt_5_6_sol,5,22,True,253.25086376950424
gpt_5_6_sol,5,23,True,253.25086376950424
gpt_5_6_sol,5,24,True,253.25086376950424
gpt_5_6_sol,5,25,True,253.25086376950424
gpt_5_6_sol,5,26,True,253.25086376950424
gpt_5_6_sol,5,27,True,253.25086376950424
gpt_5_6_sol,5,28,True,253.25086376950424
gpt_5_6_sol,5,29,True,253.25086376950424
gpt_5_6_sol,5,30,True,253.25086376950424
gpt_5_6_sol,5,31,True,253.25086376950424
gpt_5_6_sol,5,32,True,253.25086376950424
gpt_5_6_sol,5,33,True,253.25086376950424
gpt_5_6_sol,5,34,True,253.25086376950424
gpt_5_6_sol,5,35,True,253.25086376950424
gpt_5_6_sol,5,36,True,253.25086376950424
gpt_5_6_sol,5,37,True,253.25086376950424
gpt_5_6_sol,5,38,True,253.25086376950424
gpt_5_6_sol,5,39,True,253.25086376950424
gpt_5_6_sol,5,40,True,253.25086376950424
gpt_5_6_sol,5,41,True,253.25086376950424
gpt_5_6_sol,5,42,True,253.25086376950424
gpt_5_6_sol,5,43,True,253.25086376950424
gpt_5_6_sol,5,44,True,253.25086376950424
gpt_5_6_sol,5,45,True,253.25086376950424
gpt_5_6_sol,5,46,True,253.25086376950424
gpt_5_6_sol,5,47,True,253.25086376950424
gpt_5_6_sol,5,48,True,253.25086376950424
gpt_5_6_sol,5,49,True,253.25086376950424
gpt_5_6_sol,5,50,True,253.25086376950424
gpt_5_6_sol,5,51,True,253.25086376950424
gpt_5_6_sol,6,0,False,3185.50780881165
gpt_5_6_sol,6,1,False,2436.279951072947
gpt_5_6_sol,6,2,False,1873.8890041835455
gpt_5_6_sol,6,3,False,2832.553618203899
gpt_5_6_sol,6,4,False,670.3431956841212
gpt_5_6_sol,6,5,False,1668.9397832156797
gpt_5_6_sol,6,6,False,1333.1766574614182
gpt_5_6_sol,6,7,False,1608.558360769046
gpt_5_6_sol,6,8,False,287.3673607075097
gpt_5_6_sol,6,9,False,714.5488086897914
gpt_5_6_sol,6,10,False,1286.3047850334694
gpt_5_6_sol,6,11,False,917.7036558715455
gpt_5_6_sol,6,12,False,971.0715730573107
gpt_5_6_sol,6,13,False,287.3673607075097
gpt_5_6_sol,6,14,True,287.3673607075097
gpt_5_6_sol,6,15,True,287.3673607075097
gpt_5_6_sol,6,16,True,287.3673607075097
gpt_5_6_sol,6,17,True,287.3673607075097
gpt_5_6_sol,6,18,True,287.3673607075097
gpt_5_6_sol,6,19,True,287.3673607075097
gpt_5_6_sol,6,20,True,287.3673607075097
gpt_5_6_sol,6,21,True,287.3673607075097
gpt_5_6_sol,6,22,True,287.3673607075097
gpt_5_6_sol,6,23,True,287.3673607075097
gpt_5_6_sol,6,24,True,287.3673607075097
gpt_5_6_sol,6,25,True,287.3673607075097
gpt_5_6_sol,6,26,True,287.3673607075097
gpt_5_6_sol,6,27,True,287.3673607075097
gpt_5_6_sol,6,28,True,287.3673607075097
gpt_5_6_sol,6,29,True,287.3673607075097
gpt_5_6_sol,6,30,True,287.3673607075097
gpt_5_6_sol,6,31,True,287.3673607075097
gpt_5_6_sol,6,32,True,287.3673607075097
gpt_5_6_sol,6,33,True,287.3673607075097
gpt_5_6_sol,6,34,True,287.3673607075097
gpt_5_6_sol,6,35,True,287.3673607075097
gpt_5_6_sol,6,36,True,287.3673607075097
gpt_5_6_sol,6,37,True,287.3673607075097
gpt_5_6_sol,6,38,True,287.3673607075097
gpt_5_6_sol,6,39,True,287.3673607075097
gpt_5_6_sol,6,40,True,287.3673607075097
gpt_5_6_sol,6,41,True,287.3673607075097
gpt_5_6_sol,6,42,True,287.3673607075097
gpt_5_6_sol,6,43,True,287.3673607075097
gpt_5_6_sol,6,44,True,287.3673607075097
gpt_5_6_sol,6,45,True,287.3673607075097
gpt_5_6_sol,6,46,True,287.3673607075097
gpt_5_6_sol,6,47,True,287.3673607075097
gpt_5_6_sol,6,48,True,287.3673607075097
gpt_5_6_sol,6,49,True,287.3673607075097
gpt_5_6_sol,6,50,True,287.3673607075097
gpt_5_6_sol,6,51,True,287.3673607075097
gpt_5_6_sol,7,0,False,1843.9023835333583
gpt_5_6_sol,7,1,False,2548.7204632913354
gpt_5_6_sol,7,2,False,2881.662020431959
gpt_5_6_sol,7,3,False,1843.6583197545037
gpt_5_6_sol,7,4,False,2838.8511760921883
gpt_5_6_sol,7,5,False,1191.2497639034393
gpt_5_6_sol,7,6,False,2181.530655296872
gpt_5_6_sol,7,7,False,776.5796803934545
gpt_5_6_sol,7,8,False,1224.3675918612025
gpt_5_6_sol,7,9,False,737.3710056681101
gpt_5_6_sol,7,10,False,1075.0423247481933
gpt_5_6_sol,7,11,False,131.20975573485381
gpt_5_6_sol,7,12,False,131.20975573485381
gpt_5_6_sol,7,13,True,131.20975573485381
gpt_5_6_sol,7,14,True,131.20975573485381
gpt_5_6_sol,7,15,True,131.20975573485381
gpt_5_6_sol,7,16,True,131.20975573485381
gpt_5_6_sol,7,17,True,131.20975573485381
gpt_5_6_sol,7,18,True,131.20975573485381
gpt_5_6_sol,7,19,True,131.20975573485381
gpt_5_6_sol,7,20,True,131.20975573485381
gpt_5_6_sol,7,21,True,131.20975573485381
gpt_5_6_sol,7,22,True,131.20975573485381
gpt_5_6_sol,7,23,True,131.20975573485381
gpt_5_6_sol,7,24,True,131.20975573485381
gpt_5_6_sol,7,25,True,131.20975573485381
gpt_5_6_sol,7,26,True,131.20975573485381
gpt_5_6_sol,7,27,True,131.20975573485381
gpt_5_6_sol,7,28,True,131.20975573485381
gpt_5_6_sol,7,29,True,131.20975573485381
gpt_5_6_sol,7,30,True,131.20975573485381
gpt_5_6_sol,7,31,True,131.20975573485381
gpt_5_6_sol,7,32,True,131.20975573485381
gpt_5_6_sol,7,33,True,131.20975573485381
gpt_5_6_sol,7,34,True,131.20975573485381
gpt_5_6_sol,7,35,True,131.20975573485381
gpt_5_6_sol,7,36,True,131.20975573485381
gpt_5_6_sol,7,37,True,131.20975573485381
gpt_5_6_sol,7,38,True,131.20975573485381
gpt_5_6_sol,7,39,True,131.20975573485381
gpt_5_6_sol,7,40,True,131.20975573485381
gpt_5_6_sol,7,41,True,131.20975573485381
gpt_5_6_sol,7,42,True,131.20975573485381
gpt_5_6_sol,7,43,True,131.20975573485381
gpt_5_6_sol,7,44,True,131.20975573485381
gpt_5_6_sol,7,45,True,131.20975573485381
gpt_5_6_sol,7,46,True,131.20975573485381
gpt_5_6_sol,7,47,True,131.20975573485381
gpt_5_6_sol,7,48,True,131.20975573485381
gpt_5_6_sol,7,49,True,131.20975573485381
gpt_5_6_sol,7,50,True,131.20975573485381
gpt_5_6_sol,7,51,True,131.20975573485381
gpt_5_6_sol,8,0,False,2943.0304109879667
gpt_5_6_sol,8,1,False,1448.2499784222337
gpt_5_6_sol,8,2,False,182.8332573685652
gpt_5_6_sol,8,3,False,470.56136688002766
gpt_5_6_sol,8,4,False,5440.719437721449
gpt_5_6_sol,8,5,False,2069.1611827018214
gpt_5_6_sol,8,6,False,3066.8270247928886
gpt_5_6_sol,8,7,False,3488.757371901921
gpt_5_6_sol,8,8,False,3337.578163878713
gpt_5_6_sol,8,9,False,2039.4920936350795
gpt_5_6_sol,8,10,False,1563.946290637885
gpt_5_6_sol,8,11,False,1079.839339902006
gpt_5_6_sol,8,12,False,924.1498796191016
gpt_5_6_sol,8,13,False,100.26464980241042
gpt_5_6_sol,8,14,False,100.26464980241042
gpt_5_6_sol,8,15,True,100.26464980241042
gpt_5_6_sol,8,16,True,100.26464980241042
gpt_5_6_sol,8,17,True,100.26464980241042
gpt_5_6_sol,8,18,True,100.26464980241042
gpt_5_6_sol,8,19,True,100.26464980241042
gpt_5_6_sol,8,20,True,100.26464980241042
gpt_5_6_sol,8,21,True,100.26464980241042
gpt_5_6_sol,8,22,True,100.26464980241042
gpt_5_6_sol,8,23,True,100.26464980241042
gpt_5_6_sol,8,24,True,100.26464980241042
gpt_5_6_sol,8,25,True,100.26464980241042
gpt_5_6_sol,8,26,True,100.26464980241042
gpt_5_6_sol,8,27,True,100.26464980241042
gpt_5_6_sol,8,28,True,100.26464980241042
gpt_5_6_sol,8,29,True,100.26464980241042
gpt_5_6_sol,8,30,True,100.26464980241042
gpt_5_6_sol,8,31,True,100.26464980241042
gpt_5_6_sol,8,32,True,100.26464980241042
gpt_5_6_sol,8,33,True,100.26464980241042
gpt_5_6_sol,8,34,True,100.26464980241042
gpt_5_6_sol,8,35,True,100.26464980241042
gpt_5_6_sol,8,36,True,100.26464980241042
gpt_5_6_sol,8,37,True,100.26464980241042
gpt_5_6_sol,8,38,True,100.26464980241042
gpt_5_6_sol,8,39,True,100.26464980241042
gpt_5_6_sol,8,40,True,100.26464980241042
gpt_5_6_sol,8,41,True,100.26464980241042
gpt_5_6_sol,8,42,True,100.26464980241042
gpt_5_6_sol,8,43,True,100.26464980241042
gpt_5_6_sol,8,44,True,100.26464980241042
gpt_5_6_sol,8,45,True,100.26464980241042
gpt_5_6_sol,8,46,True,100.26464980241042
gpt_5_6_sol,8,47,True,100.26464980241042
gpt_5_6_sol,8,48,True,100.26464980241042
gpt_5_6_sol,8,49,True,100.26464980241042
gpt_5_6_sol,8,50,True,100.26464980241042
gpt_5_6_sol,8,51,True,100.26464980241042
gpt_5_6_sol,9,0,False,4095.0877890467746
gpt_5_6_sol,9,1,False,3223.9330017852417
gpt_5_6_sol,9,2,False,5014.553220377664
gpt_5_6_sol,9,3,False,4618.413580440799
gpt_5_6_sol,9,4,False,3769.5814091222383
gpt_5_6_sol,9,5,False,531.9248067161373
gpt_5_6_sol,9,6,False,1389.008279312978
gpt_5_6_sol,9,7,False,2737.8356415241583
gpt_5_6_sol,9,8,False,2958.0642318922014
gpt_5_6_sol,9,9,False,1288.5278421516548
gpt_5_6_sol,9,10,False,2224.9278639991903
gpt_5_6_sol,9,11,False,598.5849981414502
gpt_5_6_sol,9,12,False,2749.862542019146
gpt_5_6_sol,9,13,False,3138.430180838822
gpt_5_6_sol,9,14,False,370.81531791445724
gpt_5_6_sol,9,15,False,2284.798459383234
gpt_5_6_sol,9,16,False,265.1490147068248
gpt_5_6_sol,9,17,False,265.1490147068248
gpt_5_6_sol,9,18,True,265.1490147068248
gpt_5_6_sol,9,19,True,265.1490147068248
gpt_5_6_sol,9,20,True,265.1490147068248
gpt_5_6_sol,9,21,True,265.1490147068248
gpt_5_6_sol,9,22,True,265.1490147068248
gpt_5_6_sol,9,23,True,265.1490147068248
gpt_5_6_sol,9,24,True,265.1490147068248
gpt_5_6_sol,9,25,True,265.1490147068248
gpt_5_6_sol,9,26,True,265.1490147068248
gpt_5_6_sol,9,27,True,265.1490147068248
gpt_5_6_sol,9,28,True,265.1490147068248
gpt_5_6_sol,9,29,True,265.1490147068248
gpt_5_6_sol,9,30,True,265.1490147068248
gpt_5_6_sol,9,31,True,265.1490147068248
gpt_5_6_sol,9,32,True,265.1490147068248
gpt_5_6_sol,9,33,True,265.1490147068248
gpt_5_6_sol,9,34,True,265.1490147068248
gpt_5_6_sol,9,35,True,265.1490147068248
gpt_5_6_sol,9,36,True,265.1490147068248
gpt_5_6_sol,9,37,True,265.1490147068248
gpt_5_6_sol,9,38,True,265.1490147068248
gpt_5_6_sol,9,39,True,265.1490147068248
gpt_5_6_sol,9,40,True,265.1490147068248
gpt_5_6_sol,9,41,True,265.1490147068248
gpt_5_6_sol,9,42,True,265.1490147068248
gpt_5_6_sol,9,43,True,265.1490147068248
gpt_5_6_sol,9,44,True,265.1490147068248
gpt_5_6_sol,9,45,True,265.1490147068248
gpt_5_6_sol,9,46,True,265.1490147068248
gpt_5_6_sol,9,47,True,265.1490147068248
gpt_5_6_sol,9,48,True,265.1490147068248
gpt_5_6_sol,9,49,True,265.1490147068248
gpt_5_6_sol,9,50,True,265.1490147068248
gpt_5_6_sol,9,51,True,265.1490147068248
gemini_3_5_flash,0,0,False,2186.2005854907275
gemini_3_5_flash,0,1,False,5593.163058592159
gemini_3_5_flash,0,2,False,9475.625203647514
gemini_3_5_flash,0,3,False,5318.972927173065
gemini_3_5_flash,0,4,False,7319.069134801228
gemini_3_5_flash,0,5,False,6358.008571872171
gemini_3_5_flash,0,6,False,3322.570240040081
gemini_3_5_flash,0,7,False,731.7602066250938
gemini_3_5_flash,0,8,False,4693.769593833937
gemini_3_5_flash,0,9,False,2703.4742462246613
gemini_3_5_flash,0,10,False,2192.275758201965
gemini_3_5_flash,0,11,False,2313.5844484262943
gemini_3_5_flash,0,12,False,214.83249288690016
gemini_3_5_flash,0,13,False,1760.9295840549673
gemini_3_5_flash,0,14,False,1665.674938275773
gemini_3_5_flash,0,15,False,234.4632167313244
gemini_3_5_flash,0,16,True,234.4632167313244
gemini_3_5_flash,0,17,True,234.4632167313244
gemini_3_5_flash,0,18,True,234.4632167313244
gemini_3_5_flash,0,19,True,234.4632167313244
gemini_3_5_flash,0,20,True,234.4632167313244
gemini_3_5_flash,0,21,True,234.4632167313244
gemini_3_5_flash,0,22,True,234.4632167313244
gemini_3_5_flash,0,23,True,234.4632167313244
gemini_3_5_flash,0,24,True,234.4632167313244
gemini_3_5_flash,0,25,True,234.4632167313244
gemini_3_5_flash,0,26,True,234.4632167313244
gemini_3_5_flash,0,27,True,234.4632167313244
gemini_3_5_flash,0,28,True,234.4632167313244
gemini_3_5_flash,0,29,True,234.4632167313244
gemini_3_5_flash,0,30,True,234.4632167313244
gemini_3_5_flash,0,31,True,234.4632167313244
gemini_3_5_flash,0,32,True,234.4632167313244
gemini_3_5_flash,0,33,True,234.4632167313244
gemini_3_5_flash,0,34,True,234.4632167313244
gemini_3_5_flash,0,35,True,234.4632167313244
gemini_3_5_flash,0,36,True,234.4632167313244
gemini_3_5_flash,0,37,True,234.4632167313244
gemini_3_5_flash,0,38,True,234.4632167313244
gemini_3_5_flash,0,39,True,234.4632167313244
gemini_3_5_flash,0,40,True,234.4632167313244
gemini_3_5_flash,0,41,True,234.4632167313244
gemini_3_5_flash,0,42,True,234.4632167313244
gemini_3_5_flash,0,43,True,234.4632167313244
gemini_3_5_flash,0,44,True,234.4632167313244
gemini_3_5_flash,0,45,True,234.4632167313244
gemini_3_5_flash,0,46,True,234.4632167313244
gemini_3_5_flash,0,47,True,234.4632167313244
gemini_3_5_flash,0,48,True,234.4632167313244
gemini_3_5_flash,0,49,True,234.4632167313244
gemini_3_5_flash,0,50,True,234.4632167313244
gemini_3_5_flash,0,51,True,234.4632167313244
gemini_3_5_flash,1,0,False,3375.000148148145
gemini_3_5_flash,1,1,False,6360.866764836377
gemini_3_5_flash,1,2,False,8357.070419710486
gemini_3_5_flash,1,3,False,8726.203412710478
gemini_3_5_flash,1,4,False,9456.882467282756
gemini_3_5_flash,1,5,False,11261.111224031134
gemini_3_5_flash,1,6,False,12186.165352562717
gemini_3_5_flash,1,7,False,11353.881538927557
gemini_3_5_flash,1,8,False,11606.318365442161
gemini_3_5_flash,1,9,False,11606.318365442161
gemini_3_5_flash,1,10,True,11606.318365442161
gemini_3_5_flash,1,11,True,11606.318365442161
gemini_3_5_flash,1,12,True,11606.318365442161
gemini_3_5_flash,1,13,True,11606.318365442161
gemini_3_5_flash,1,14,True,11606.318365442161
gemini_3_5_flash,1,15,True,11606.318365442161
gemini_3_5_flash,1,16,True,11606.318365442161
gemini_3_5_flash,1,17,True,11606.318365442161
gemini_3_5_flash,1,18,True,11606.318365442161
gemini_3_5_flash,1,19,True,11606.318365442161
gemini_3_5_flash,1,20,True,11606.318365442161
gemini_3_5_flash,1,21,True,11606.318365442161
gemini_3_5_flash,1,22,True,11606.318365442161
gemini_3_5_flash,1,23,True,11606.318365442161
gemini_3_5_flash,1,24,True,11606.318365442161
gemini_3_5_flash,1,25,True,11606.318365442161
gemini_3_5_flash,1,26,True,11606.318365442161
gemini_3_5_flash,1,27,True,11606.318365442161
gemini_3_5_flash,1,28,True,11606.318365442161
gemini_3_5_flash,1,29,True,11606.318365442161
gemini_3_5_flash,1,30,True,11606.318365442161
gemini_3_5_flash,1,31,True,11606.318365442161
gemini_3_5_flash,1,32,True,11606.318365442161
gemini_3_5_flash,1,33,True,11606.318365442161
gemini_3_5_flash,1,34,True,11606.318365442161
gemini_3_5_flash,1,35,True,11606.318365442161
gemini_3_5_flash,1,36,True,11606.318365442161
gemini_3_5_flash,1,37,True,11606.318365442161
gemini_3_5_flash,1,38,True,11606.318365442161
gemini_3_5_flash,1,39,True,11606.318365442161
gemini_3_5_flash,1,40,True,11606.318365442161
gemini_3_5_flash,1,41,True,11606.318365442161
gemini_3_5_flash,1,42,True,11606.318365442161
gemini_3_5_flash,1,43,True,11606.318365442161
gemini_3_5_flash,1,44,True,11606.318365442161
gemini_3_5_flash,1,45,True,11606.318365442161
gemini_3_5_flash,1,46,True,11606.318365442161
gemini_3_5_flash,1,47,True,11606.318365442161
gemini_3_5_flash,1,48,True,11606.318365442161
gemini_3_5_flash,1,49,True,11606.318365442161
gemini_3_5_flash,1,50,True,11606.318365442161
gemini_3_5_flash,1,51,True,11606.318365442161
gemini_3_5_flash,2,0,False,1979.1071219112926
gemini_3_5_flash,2,1,False,1202.0253741082174
gemini_3_5_flash,2,2,False,4938.508378042909
gemini_3_5_flash,2,3,False,4119.813709380559
gemini_3_5_flash,2,4,False,3138.608768228369
gemini_3_5_flash,2,5,False,3997.8575512391635
gemini_3_5_flash,2,6,False,2716.4066337719028
gemini_3_5_flash,2,7,False,4223.371283702157
gemini_3_5_flash,2,8,False,1992.150847702051
gemini_3_5_flash,2,9,False,2713.3125511079625
gemini_3_5_flash,2,10,False,3725.005369123647
gemini_3_5_flash,2,11,False,3601.453178926529
gemini_3_5_flash,2,12,False,358.92199709686224
gemini_3_5_flash,2,13,True,358.92199709686224
gemini_3_5_flash,2,14,True,358.92199709686224
gemini_3_5_flash,2,15,True,358.92199709686224
gemini_3_5_flash,2,16,True,358.92199709686224
gemini_3_5_flash,2,17,True,358.92199709686224
gemini_3_5_flash,2,18,True,358.92199709686224
gemini_3_5_flash,2,19,True,358.92199709686224
gemini_3_5_flash,2,20,True,358.92199709686224
gemini_3_5_flash,2,21,True,358.92199709686224
gemini_3_5_flash,2,22,True,358.92199709686224
gemini_3_5_flash,2,23,True,358.92199709686224
gemini_3_5_flash,2,24,True,358.92199709686224
gemini_3_5_flash,2,25,True,358.92199709686224
gemini_3_5_flash,2,26,True,358.92199709686224
gemini_3_5_flash,2,27,True,358.92199709686224
gemini_3_5_flash,2,28,True,358.92199709686224
gemini_3_5_flash,2,29,True,358.92199709686224
gemini_3_5_flash,2,30,True,358.92199709686224
gemini_3_5_flash,2,31,True,358.92199709686224
gemini_3_5_flash,2,32,True,358.92199709686224
gemini_3_5_flash,2,33,True,358.92199709686224
gemini_3_5_flash,2,34,True,358.92199709686224
gemini_3_5_flash,2,35,True,358.92199709686224
gemini_3_5_flash,2,36,True,358.92199709686224
gemini_3_5_flash,2,37,True,358.92199709686224
gemini_3_5_flash,2,38,True,358.92199709686224
gemini_3_5_flash,2,39,True,358.92199709686224
gemini_3_5_flash,2,40,True,358.92199709686224
gemini_3_5_flash,2,41,True,358.92199709686224
gemini_3_5_flash,2,42,True,358.92199709686224
gemini_3_5_flash,2,43,True,358.92199709686224
gemini_3_5_flash,2,44,True,358.92199709686224
gemini_3_5_flash,2,45,True,358.92199709686224
gemini_3_5_flash,2,46,True,358.92199709686224
gemini_3_5_flash,2,47,True,358.92199709686224
gemini_3_5_flash,2,48,True,358.92199709686224
gemini_3_5_flash,2,49,True,358.92199709686224
gemini_3_5_flash,2,50,True,358.92199709686224
gemini_3_5_flash,2,51,True,358.92199709686224
gemini_3_5_flash,3,0,False,2313.4757400932476
gemini_3_5_flash,3,1,False,5298.506393315007
gemini_3_5_flash,3,2,False,8294.34566436678
gemini_3_5_flash,3,3,False,3729.3658978437606
gemini_3_5_flash,3,4,False,793.8324760300501
gemini_3_5_flash,3,5,False,5000.216995291305
gemini_3_5_flash,3,6,False,4562.254924924735
gemini_3_5_flash,3,7,False,4831.063030017307
gemini_3_5_flash,3,8,False,6320.614685297625
gemini_3_5_flash,3,9,False,1827.4380974468054
gemini_3_5_flash,3,10,False,2239.2699703251506
gemini_3_5_flash,3,11,False,1361.899408913889
gemini_3_5_flash,3,12,False,2657.5872516250524
gemini_3_5_flash,3,13,False,629.4203682754476
gemini_3_5_flash,3,14,True,629.4203682754476
gemini_3_5_flash,3,15,True,629.4203682754476
gemini_3_5_flash,3,16,True,629.4203682754476
gemini_3_5_flash,3,17,True,629.4203682754476
gemini_3_5_flash,3,18,True,629.4203682754476
gemini_3_5_flash,3,19,True,629.4203682754476
gemini_3_5_flash,3,20,True,629.4203682754476
gemini_3_5_flash,3,21,True,629.4203682754476
gemini_3_5_flash,3,22,True,629.4203682754476
gemini_3_5_flash,3,23,True,629.4203682754476
gemini_3_5_flash,3,24,True,629.4203682754476
gemini_3_5_flash,3,25,True,629.4203682754476
gemini_3_5_flash,3,26,True,629.4203682754476
gemini_3_5_flash,3,27,True,629.4203682754476
gemini_3_5_flash,3,28,True,629.4203682754476
gemini_3_5_flash,3,29,True,629.4203682754476
gemini_3_5_flash,3,30,True,629.4203682754476
gemini_3_5_flash,3,31,True,629.4203682754476
gemini_3_5_flash,3,32,True,629.4203682754476
gemini_3_5_flash,3,33,True,629.4203682754476
gemini_3_5_flash,3,34,True,629.4203682754476
gemini_3_5_flash,3,35,True,629.4203682754476
gemini_3_5_flash,3,36,True,629.4203682754476
gemini_3_5_flash,3,37,True,629.4203682754476
gemini_3_5_flash,3,38,True,629.4203682754476
gemini_3_5_flash,3,39,True,629.4203682754476
gemini_3_5_flash,3,40,True,629.4203682754476
gemini_3_5_flash,3,41,True,629.4203682754476
gemini_3_5_flash,3,42,True,629.4203682754476
gemini_3_5_flash,3,43,True,629.4203682754476
gemini_3_5_flash,3,44,True,629.4203682754476
gemini_3_5_flash,3,45,True,629.4203682754476
gemini_3_5_flash,3,46,True,629.4203682754476
gemini_3_5_flash,3,47,True,629.4203682754476
gemini_3_5_flash,3,48,True,629.4203682754476
gemini_3_5_flash,3,49,True,629.4203682754476
gemini_3_5_flash,3,50,True,629.4203682754476
gemini_3_5_flash,3,51,True,629.4203682754476
gemini_3_5_flash,4,0,False,3626.1683634381898
gemini_3_5_flash,4,1,False,1155.4639760719501
gemini_3_5_flash,4,2,False,6554.624092959108
gemini_3_5_flash,4,3,False,4592.068923698772
gemini_3_5_flash,4,4,False,1859.8647800310646
gemini_3_5_flash,4,5,False,4061.908049180828
gemini_3_5_flash,4,6,False,1956.2967566297298
gemini_3_5_flash,4,7,False,226.04645540242387
gemini_3_5_flash,4,8,False,1969.796182349839
gemini_3_5_flash,4,9,False,1532.023824880018
gemini_3_5_flash,4,10,False,2067.6307697458947
gemini_3_5_flash,4,11,False,226.04645540242387
gemini_3_5_flash,4,12,True,226.04645540242387
gemini_3_5_flash,4,13,True,226.04645540242387
gemini_3_5_flash,4,14,True,226.04645540242387
gemini_3_5_flash,4,15,True,226.04645540242387
gemini_3_5_flash,4,16,True,226.04645540242387
gemini_3_5_flash,4,17,True,226.04645540242387
gemini_3_5_flash,4,18,True,226.04645540242387
gemini_3_5_flash,4,19,True,226.04645540242387
gemini_3_5_flash,4,20,True,226.04645540242387
gemini_3_5_flash,4,21,True,226.04645540242387
gemini_3_5_flash,4,22,True,226.04645540242387
gemini_3_5_flash,4,23,True,226.04645540242387
gemini_3_5_flash,4,24,True,226.04645540242387
gemini_3_5_flash,4,25,True,226.04645540242387
gemini_3_5_flash,4,26,True,226.04645540242387
gemini_3_5_flash,4,27,True,226.04645540242387
gemini_3_5_flash,4,28,True,226.04645540242387
gemini_3_5_flash,4,29,True,226.04645540242387
gemini_3_5_flash,4,30,True,226.04645540242387
gemini_3_5_flash,4,31,True,226.04645540242387
gemini_3_5_flash,4,32,True,226.04645540242387
gemini_3_5_flash,4,33,True,226.04645540242387
gemini_3_5_flash,4,34,True,226.04645540242387
gemini_3_5_flash,4,35,True,226.04645540242387
gemini_3_5_flash,4,36,True,226.04645540242387
gemini_3_5_flash,4,37,True,226.04645540242387
gemini_3_5_flash,4,38,True,226.04645540242387
gemini_3_5_flash,4,39,True,226.04645540242387
gemini_3_5_flash,4,40,True,226.04645540242387
gemini_3_5_flash,4,41,True,226.04645540242387
gemini_3_5_flash,4,42,True,226.04645540242387
gemini_3_5_flash,4,43,True,226.04645540242387
gemini_3_5_flash,4,44,True,226.04645540242387
gemini_3_5_flash,4,45,True,226.04645540242387
gemini_3_5_flash,4,46,True,226.04645540242387
gemini_3_5_flash,4,47,True,226.04645540242387
gemini_3_5_flash,4,48,True,226.04645540242387
gemini_3_5_flash,4,49,True,226.04645540242387
gemini_3_5_flash,4,50,True,226.04645540242387
gemini_3_5_flash,4,51,True,226.04645540242387
gemini_3_5_flash,5,0,False,2132.6312386345653
gemini_3_5_flash,5,1,False,5454.183348586661
gemini_3_5_flash,5,2,False,9324.59736396162
gemini_3_5_flash,5,3,False,3368.696483804975
gemini_3_5_flash,5,4,False,3093.883643578084
gemini_3_5_flash,5,5,False,850.0094117125998
gemini_3_5_flash,5,6,False,2850.0028070161616
gemini_3_5_flash,5,7,False,1150.0069565006988
gemini_3_5_flash,5,8,False,1631.1088253087223
gemini_3_5_flash,5,9,False,1638.449266837396
gemini_3_5_flash,5,10,False,850.0094117125998
gemini_3_5_flash,5,11,True,850.0094117125998
gemini_3_5_flash,5,12,True,850.0094117125998
gemini_3_5_flash,5,13,True,850.0094117125998
gemini_3_5_flash,5,14,True,850.0094117125998
gemini_3_5_flash,5,15,True,850.0094117125998
gemini_3_5_flash,5,16,True,850.0094117125998
gemini_3_5_flash,5,17,True,850.0094117125998
gemini_3_5_flash,5,18,True,850.0094117125998
gemini_3_5_flash,5,19,True,850.0094117125998
gemini_3_5_flash,5,20,True,850.0094117125998
gemini_3_5_flash,5,21,True,850.0094117125998
gemini_3_5_flash,5,22,True,850.0094117125998
gemini_3_5_flash,5,23,True,850.0094117125998
gemini_3_5_flash,5,24,True,850.0094117125998
gemini_3_5_flash,5,25,True,850.0094117125998
gemini_3_5_flash,5,26,True,850.0094117125998
gemini_3_5_flash,5,27,True,850.0094117125998
gemini_3_5_flash,5,28,True,850.0094117125998
gemini_3_5_flash,5,29,True,850.0094117125998
gemini_3_5_flash,5,30,True,850.0094117125998
gemini_3_5_flash,5,31,True,850.0094117125998
gemini_3_5_flash,5,32,True,850.0094117125998
gemini_3_5_flash,5,33,True,850.0094117125998
gemini_3_5_flash,5,34,True,850.0094117125998
gemini_3_5_flash,5,35,True,850.0094117125998
gemini_3_5_flash,5,36,True,850.0094117125998
gemini_3_5_flash,5,37,True,850.0094117125998
gemini_3_5_flash,5,38,True,850.0094117125998
gemini_3_5_flash,5,39,True,850.0094117125998
gemini_3_5_flash,5,40,True,850.0094117125998
gemini_3_5_flash,5,41,True,850.0094117125998
gemini_3_5_flash,5,42,True,850.0094117125998
gemini_3_5_flash,5,43,True,850.0094117125998
gemini_3_5_flash,5,44,True,850.0094117125998
gemini_3_5_flash,5,45,True,850.0094117125998
gemini_3_5_flash,5,46,True,850.0094117125998
gemini_3_5_flash,5,47,True,850.0094117125998
gemini_3_5_flash,5,48,True,850.0094117125998
gemini_3_5_flash,5,49,True,850.0094117125998
gemini_3_5_flash,5,50,True,850.0094117125998
gemini_3_5_flash,5,51,True,850.0094117125998
gemini_3_5_flash,6,0,False,3185.50780881165
gemini_3_5_flash,6,1,False,5897.750418591821
gemini_3_5_flash,6,2,False,1873.8890041835455
gemini_3_5_flash,6,3,False,2611.4095810500503
gemini_3_5_flash,6,4,False,3389.905603405499
gemini_3_5_flash,6,5,False,3413.8922068512943
gemini_3_5_flash,6,6,False,476.5081321446676
gemini_3_5_flash,6,7,False,1165.6157171212133
gemini_3_5_flash,6,8,False,1929.4196018492194
gemini_3_5_flash,6,9,False,831.3001864549292
gemini_3_5_flash,6,10,False,1519.9539466707536
gemini_3_5_flash,6,11,False,471.02016941952706
gemini_3_5_flash,6,12,True,471.02016941952706
gemini_3_5_flash,6,13,True,471.02016941952706
gemini_3_5_flash,6,14,True,471.02016941952706
gemini_3_5_flash,6,15,True,471.02016941952706
gemini_3_5_flash,6,16,True,471.02016941952706
gemini_3_5_flash,6,17,True,471.02016941952706
gemini_3_5_flash,6,18,True,471.02016941952706
gemini_3_5_flash,6,19,True,471.02016941952706
gemini_3_5_flash,6,20,True,471.02016941952706
gemini_3_5_flash,6,21,True,471.02016941952706
gemini_3_5_flash,6,22,True,471.02016941952706
gemini_3_5_flash,6,23,True,471.02016941952706
gemini_3_5_flash,6,24,True,471.02016941952706
gemini_3_5_flash,6,25,True,471.02016941952706
gemini_3_5_flash,6,26,True,471.02016941952706
gemini_3_5_flash,6,27,True,471.02016941952706
gemini_3_5_flash,6,28,True,471.02016941952706
gemini_3_5_flash,6,29,True,471.02016941952706
gemini_3_5_flash,6,30,True,471.02016941952706
gemini_3_5_flash,6,31,True,471.02016941952706
gemini_3_5_flash,6,32,True,471.02016941952706
gemini_3_5_flash,6,33,True,471.02016941952706
gemini_3_5_flash,6,34,True,471.02016941952706
gemini_3_5_flash,6,35,True,471.02016941952706
gemini_3_5_flash,6,36,True,471.02016941952706
gemini_3_5_flash,6,37,True,471.02016941952706
gemini_3_5_flash,6,38,True,471.02016941952706
gemini_3_5_flash,6,39,True,471.02016941952706
gemini_3_5_flash,6,40,True,471.02016941952706
gemini_3_5_flash,6,41,True,471.02016941952706
gemini_3_5_flash,6,42,True,471.02016941952706
gemini_3_5_flash,6,43,True,471.02016941952706
gemini_3_5_flash,6,44,True,471.02016941952706
gemini_3_5_flash,6,45,True,471.02016941952706
gemini_3_5_flash,6,46,True,471.02016941952706
gemini_3_5_flash,6,47,True,471.02016941952706
gemini_3_5_flash,6,48,True,471.02016941952706
gemini_3_5_flash,6,49,True,471.02016941952706
gemini_3_5_flash,6,50,True,471.02016941952706
gemini_3_5_flash,6,51,True,471.02016941952706
gemini_3_5_flash,7,0,False,1843.9023835333583
gemini_3_5_flash,7,1,False,2881.662020431959
gemini_3_5_flash,7,2,False,4605.211830089904
gemini_3_5_flash,7,3,False,2548.7204632913354
gemini_3_5_flash,7,4,False,4835.284479738499
gemini_3_5_flash,7,5,False,2125.0825866304585
gemini_3_5_flash,7,6,False,1778.7568692769678
gemini_3_5_flash,7,7,False,2229.7928154875735
gemini_3_5_flash,7,8,False,1645.592902269574
gemini_3_5_flash,7,9,False,1388.5157543218586
gemini_3_5_flash,7,10,False,260.72207424765554
gemini_3_5_flash,7,11,True,260.72207424765554
gemini_3_5_flash,7,12,True,260.72207424765554
gemini_3_5_flash,7,13,True,260.72207424765554
gemini_3_5_flash,7,14,True,260.72207424765554
gemini_3_5_flash,7,15,True,260.72207424765554
gemini_3_5_flash,7,16,True,260.72207424765554
gemini_3_5_flash,7,17,True,260.72207424765554
gemini_3_5_flash,7,18,True,260.72207424765554
gemini_3_5_flash,7,19,True,260.72207424765554
gemini_3_5_flash,7,20,True,260.72207424765554
gemini_3_5_flash,7,21,True,260.72207424765554
gemini_3_5_flash,7,22,True,260.72207424765554
gemini_3_5_flash,7,23,True,260.72207424765554
gemini_3_5_flash,7,24,True,260.72207424765554
gemini_3_5_flash,7,25,True,260.72207424765554
gemini_3_5_flash,7,26,True,260.72207424765554
gemini_3_5_flash,7,27,True,260.72207424765554
gemini_3_5_flash,7,28,True,260.72207424765554
gemini_3_5_flash,7,29,True,260.72207424765554
gemini_3_5_flash,7,30,True,260.72207424765554
gemini_3_5_flash,7,31,True,260.72207424765554
gemini_3_5_flash,7,32,True,260.72207424765554
gemini_3_5_flash,7,33,True,260.72207424765554
gemini_3_5_flash,7,34,True,260.72207424765554
gemini_3_5_flash,7,35,True,260.72207424765554
gemini_3_5_flash,7,36,True,260.72207424765554
gemini_3_5_flash,7,37,True,260.72207424765554
gemini_3_5_flash,7,38,True,260.72207424765554
gemini_3_5_flash,7,39,True,260.72207424765554
gemini_3_5_flash,7,40,True,260.72207424765554
gemini_3_5_flash,7,41,True,260.72207424765554
gemini_3_5_flash,7,42,True,260.72207424765554
gemini_3_5_flash,7,43,True,260.72207424765554
gemini_3_5_flash,7,44,True,260.72207424765554
gemini_3_5_flash,7,45,True,260.72207424765554
gemini_3_5_flash,7,46,True,260.72207424765554
gemini_3_5_flash,7,47,True,260.72207424765554
gemini_3_5_flash,7,48,True,260.72207424765554
gemini_3_5_flash,7,49,True,260.72207424765554
gemini_3_5_flash,7,50,True,260.72207424765554
gemini_3_5_flash,7,51,True,260.72207424765554
gemini_3_5_flash,8,0,False,2943.0304109879667
gemini_3_5_flash,8,1,False,5940.490552134563
gemini_3_5_flash,8,2,False,5455.036938463387
gemini_3_5_flash,8,3,False,5262.454560373894
gemini_3_5_flash,8,4,False,4441.331782247303
gemini_3_5_flash,8,5,False,182.8332573685652
gemini_3_5_flash,8,6,False,3378.6133250196003
gemini_3_5_flash,8,7,False,353.05523647157537
gemini_3_5_flash,8,8,False,1166.46817359069
gemini_3_5_flash,8,9,False,1840.8280745360225
gemini_3_5_flash,8,10,False,2129.001643963668
gemini_3_5_flash,8,11,False,1927.8609908393291
gemini_3_5_flash,8,12,False,353.05523647157537
gemini_3_5_flash,8,13,True,353.05523647157537
gemini_3_5_flash,8,14,True,353.05523647157537
gemini_3_5_flash,8,15,True,353.05523647157537
gemini_3_5_flash,8,16,True,353.05523647157537
gemini_3_5_flash,8,17,True,353.05523647157537
gemini_3_5_flash,8,18,True,353.05523647157537
gemini_3_5_flash,8,19,True,353.05523647157537
gemini_3_5_flash,8,20,True,353.05523647157537
gemini_3_5_flash,8,21,True,353.05523647157537
gemini_3_5_flash,8,22,True,353.05523647157537
gemini_3_5_flash,8,23,True,353.05523647157537
gemini_3_5_flash,8,24,True,353.05523647157537
gemini_3_5_flash,8,25,True,353.05523647157537
gemini_3_5_flash,8,26,True,353.05523647157537
gemini_3_5_flash,8,27,True,353.05523647157537
gemini_3_5_flash,8,28,True,353.05523647157537
gemini_3_5_flash,8,29,True,353.05523647157537
gemini_3_5_flash,8,30,True,353.05523647157537
gemini_3_5_flash,8,31,True,353.05523647157537
gemini_3_5_flash,8,32,True,353.05523647157537
gemini_3_5_flash,8,33,True,353.05523647157537
gemini_3_5_flash,8,34,True,353.05523647157537
gemini_3_5_flash,8,35,True,353.05523647157537
gemini_3_5_flash,8,36,True,353.05523647157537
gemini_3_5_flash,8,37,True,353.05523647157537
gemini_3_5_flash,8,38,True,353.05523647157537
gemini_3_5_flash,8,39,True,353.05523647157537
gemini_3_5_flash,8,40,True,353.05523647157537
gemini_3_5_flash,8,41,True,353.05523647157537
gemini_3_5_flash,8,42,True,353.05523647157537
gemini_3_5_flash,8,43,True,353.05523647157537
gemini_3_5_flash,8,44,True,353.05523647157537
gemini_3_5_flash,8,45,True,353.05523647157537
gemini_3_5_flash,8,46,True,353.05523647157537
gemini_3_5_flash,8,47,True,353.05523647157537
gemini_3_5_flash,8,48,True,353.05523647157537
gemini_3_5_flash,8,49,True,353.05523647157537
gemini_3_5_flash,8,50,True,353.05523647157537
gemini_3_5_flash,8,51,True,353.05523647157537
gemini_3_5_flash,9,0,False,4095.0877890467746
gemini_3_5_flash,9,1,False,5960.01208052467
gemini_3_5_flash,9,2,False,1908.3354002900014
gemini_3_5_flash,9,3,False,722.3184893106364
gemini_3_5_flash,9,4,False,3842.1015082894414
gemini_3_5_flash,9,5,False,2918.1747720107514
gemini_3_5_flash,9,6,False,3431.696956317676
gemini_3_5_flash,9,7,False,2136.9473554582482
gemini_3_5_flash,9,8,False,1497.7796900746118
gemini_3_5_flash,9,9,True,1497.7796900746118
gemini_3_5_flash,9,10,True,1497.7796900746118
gemini_3_5_flash,9,11,True,1497.7796900746118
gemini_3_5_flash,9,12,True,1497.7796900746118
gemini_3_5_flash,9,13,True,1497.7796900746118
gemini_3_5_flash,9,14,True,1497.7796900746118
gemini_3_5_flash,9,15,True,1497.7796900746118
gemini_3_5_flash,9,16,True,1497.7796900746118
gemini_3_5_flash,9,17,True,1497.7796900746118
gemini_3_5_flash,9,18,True,1497.7796900746118
gemini_3_5_flash,9,19,True,1497.7796900746118
gemini_3_5_flash,9,20,True,1497.7796900746118
gemini_3_5_flash,9,21,True,1497.7796900746118
gemini_3_5_flash,9,22,True,1497.7796900746118
gemini_3_5_flash,9,23,True,1497.7796900746118
gemini_3_5_flash,9,24,True,1497.7796900746118
gemini_3_5_flash,9,25,True,1497.7796900746118
gemini_3_5_flash,9,26,True,1497.7796900746118
gemini_3_5_flash,9,27,True,1497.7796900746118
gemini_3_5_flash,9,28,True,1497.7796900746118
gemini_3_5_flash,9,29,True,1497.7796900746118
gemini_3_5_flash,9,30,True,1497.7796900746118
gemini_3_5_flash,9,31,True,1497.7796900746118
gemini_3_5_flash,9,32,True,1497.7796900746118
gemini_3_5_flash,9,33,True,1497.7796900746118
gemini_3_5_flash,9,34,True,1497.7796900746118
gemini_3_5_flash,9,35,True,1497.7796900746118
gemini_3_5_flash,9,36,True,1497.7796900746118
gemini_3_5_flash,9,37,True,1497.7796900746118
gemini_3_5_flash,9,38,True,1497.7796900746118
gemini_3_5_flash,9,39,True,1497.7796900746118
gemini_3_5_flash,9,40,True,1497.7796900746118
gemini_3_5_flash,9,41,True,1497.7796900746118
gemini_3_5_flash,9,42,True,1497.7796900746118
gemini_3_5_flash,9,43,True,1497.7796900746118
gemini_3_5_flash,9,44,True,1497.7796900746118
gemini_3_5_flash,9,45,True,1497.7796900746118
gemini_3_5_flash,9,46,True,1497.7796900746118
gemini_3_5_flash,9,47,True,1497.7796900746118
gemini_3_5_flash,9,48,True,1497.7796900746118
gemini_3_5_flash,9,49,True,1497.7796900746118
gemini_3_5_flash,9,50,True,1497.7796900746118
gemini_3_5_flash,9,51,True,1497.7796900746118
qwen3_vl_32b_instruct,0,0,False,2186.2005854907275
qwen3_vl_32b_instruct,0,1,False,9475.625203647514
qwen3_vl_32b_instruct,0,2,False,6911.691037654968
qwen3_vl_32b_instruct,0,3,False,6874.552567258468
qwen3_vl_32b_instruct,0,4,False,3507.060450006529
qwen3_vl_32b_instruct,0,5,False,2186.2005854907275
qwen3_vl_32b_instruct,0,6,True,2186.2005854907275
qwen3_vl_32b_instruct,0,7,True,2186.2005854907275
qwen3_vl_32b_instruct,0,8,True,2186.2005854907275
qwen3_vl_32b_instruct,0,9,True,2186.2005854907275
qwen3_vl_32b_instruct,0,10,True,2186.2005854907275
qwen3_vl_32b_instruct,0,11,True,2186.2005854907275
qwen3_vl_32b_instruct,0,12,True,2186.2005854907275
qwen3_vl_32b_instruct,0,13,True,2186.2005854907275
qwen3_vl_32b_instruct,0,14,True,2186.2005854907275
qwen3_vl_32b_instruct,0,15,True,2186.2005854907275
qwen3_vl_32b_instruct,0,16,True,2186.2005854907275
qwen3_vl_32b_instruct,0,17,True,2186.2005854907275
qwen3_vl_32b_instruct,0,18,True,2186.2005854907275
qwen3_vl_32b_instruct,0,19,True,2186.2005854907275
qwen3_vl_32b_instruct,0,20,True,2186.2005854907275
qwen3_vl_32b_instruct,0,21,True,2186.2005854907275
qwen3_vl_32b_instruct,0,22,True,2186.2005854907275
qwen3_vl_32b_instruct,0,23,True,2186.2005854907275
qwen3_vl_32b_instruct,0,24,True,2186.2005854907275
qwen3_vl_32b_instruct,0,25,True,2186.2005854907275
qwen3_vl_32b_instruct,0,26,True,2186.2005854907275
qwen3_vl_32b_instruct,0,27,True,2186.2005854907275
qwen3_vl_32b_instruct,0,28,True,2186.2005854907275
qwen3_vl_32b_instruct,0,29,True,2186.2005854907275
qwen3_vl_32b_instruct,0,30,True,2186.2005854907275
qwen3_vl_32b_instruct,0,31,True,2186.2005854907275
qwen3_vl_32b_instruct,0,32,True,2186.2005854907275
qwen3_vl_32b_instruct,0,33,True,2186.2005854907275
qwen3_vl_32b_instruct,0,34,True,2186.2005854907275
qwen3_vl_32b_instruct,0,35,True,2186.2005854907275
qwen3_vl_32b_instruct,0,36,True,2186.2005854907275
qwen3_vl_32b_instruct,0,37,True,2186.2005854907275
qwen3_vl_32b_instruct,0,38,True,2186.2005854907275
qwen3_vl_32b_instruct,0,39,True,2186.2005854907275
qwen3_vl_32b_instruct,0,40,True,2186.2005854907275
qwen3_vl_32b_instruct,0,41,True,2186.2005854907275
qwen3_vl_32b_instruct,0,42,True,2186.2005854907275
qwen3_vl_32b_instruct,0,43,True,2186.2005854907275
qwen3_vl_32b_instruct,0,44,True,2186.2005854907275
qwen3_vl_32b_instruct,0,45,True,2186.2005854907275
qwen3_vl_32b_instruct,0,46,True,2186.2005854907275
qwen3_vl_32b_instruct,0,47,True,2186.2005854907275
qwen3_vl_32b_instruct,0,48,True,2186.2005854907275
qwen3_vl_32b_instruct,0,49,True,2186.2005854907275
qwen3_vl_32b_instruct,0,50,True,2186.2005854907275
qwen3_vl_32b_instruct,0,51,True,2186.2005854907275
qwen3_vl_32b_instruct,1,0,False,3375.000148148145
qwen3_vl_32b_instruct,1,1,False,4676.60410982157
qwen3_vl_32b_instruct,1,2,False,11353.881538927557
qwen3_vl_32b_instruct,1,3,False,6393.795899150989
qwen3_vl_32b_instruct,1,4,False,5648.063916068939
qwen3_vl_32b_instruct,1,5,False,7358.710892540894
qwen3_vl_32b_instruct,1,6,False,9355.780352274203
qwen3_vl_32b_instruct,1,7,False,10854.290672356256
qwen3_vl_32b_instruct,1,8,False,11353.881538927557
qwen3_vl_32b_instruct,1,9,False,11104.081501862276
qwen3_vl_32b_instruct,1,10,False,11108.673458158719
qwen3_vl_32b_instruct,1,11,False,11189.219186341825
qwen3_vl_32b_instruct,1,12,False,11104.081501862276
qwen3_vl_32b_instruct,1,13,True,11104.081501862276
qwen3_vl_32b_instruct,1,14,True,11104.081501862276
qwen3_vl_32b_instruct,1,15,True,11104.081501862276
qwen3_vl_32b_instruct,1,16,True,11104.081501862276
qwen3_vl_32b_instruct,1,17,True,11104.081501862276
qwen3_vl_32b_instruct,1,18,True,11104.081501862276
qwen3_vl_32b_instruct,1,19,True,11104.081501862276
qwen3_vl_32b_instruct,1,20,True,11104.081501862276
qwen3_vl_32b_instruct,1,21,True,11104.081501862276
qwen3_vl_32b_instruct,1,22,True,11104.081501862276
qwen3_vl_32b_instruct,1,23,True,11104.081501862276
qwen3_vl_32b_instruct,1,24,True,11104.081501862276
qwen3_vl_32b_instruct,1,25,True,11104.081501862276
qwen3_vl_32b_instruct,1,26,True,11104.081501862276
qwen3_vl_32b_instruct,1,27,True,11104.081501862276
qwen3_vl_32b_instruct,1,28,True,11104.081501862276
qwen3_vl_32b_instruct,1,29,True,11104.081501862276
qwen3_vl_32b_instruct,1,30,True,11104.081501862276
qwen3_vl_32b_instruct,1,31,True,11104.081501862276
qwen3_vl_32b_instruct,1,32,True,11104.081501862276
qwen3_vl_32b_instruct,1,33,True,11104.081501862276
qwen3_vl_32b_instruct,1,34,True,11104.081501862276
qwen3_vl_32b_instruct,1,35,True,11104.081501862276
qwen3_vl_32b_instruct,1,36,True,11104.081501862276
qwen3_vl_32b_instruct,1,37,True,11104.081501862276
qwen3_vl_32b_instruct,1,38,True,11104.081501862276
qwen3_vl_32b_instruct,1,39,True,11104.081501862276
qwen3_vl_32b_instruct,1,40,True,11104.081501862276
qwen3_vl_32b_instruct,1,41,True,11104.081501862276
qwen3_vl_32b_instruct,1,42,True,11104.081501862276
qwen3_vl_32b_instruct,1,43,True,11104.081501862276
qwen3_vl_32b_instruct,1,44,True,11104.081501862276
qwen3_vl_32b_instruct,1,45,True,11104.081501862276
qwen3_vl_32b_instruct,1,46,True,11104.081501862276
qwen3_vl_32b_instruct,1,47,True,11104.081501862276
qwen3_vl_32b_instruct,1,48,True,11104.081501862276
qwen3_vl_32b_instruct,1,49,True,11104.081501862276
qwen3_vl_32b_instruct,1,50,True,11104.081501862276
qwen3_vl_32b_instruct,1,51,True,11104.081501862276
qwen3_vl_32b_instruct,2,0,False,1979.1071219112926
qwen3_vl_32b_instruct,2,1,False,9925.16322283921
qwen3_vl_32b_instruct,2,2,False,5833.255094713414
qwen3_vl_32b_instruct,2,3,False,6109.407909118526
qwen3_vl_32b_instruct,2,4,False,4879.22791023334
qwen3_vl_32b_instruct,2,5,False,2149.6197338134016
qwen3_vl_32b_instruct,2,6,False,2758.9608551046895
qwen3_vl_32b_instruct,2,7,False,2883.7241546306054
qwen3_vl_32b_instruct,2,8,False,1979.1071219112926
qwen3_vl_32b_instruct,2,9,True,1979.1071219112926
qwen3_vl_32b_instruct,2,10,True,1979.1071219112926
qwen3_vl_32b_instruct,2,11,True,1979.1071219112926
qwen3_vl_32b_instruct,2,12,True,1979.1071219112926
qwen3_vl_32b_instruct,2,13,True,1979.1071219112926
qwen3_vl_32b_instruct,2,14,True,1979.1071219112926
qwen3_vl_32b_instruct,2,15,True,1979.1071219112926
qwen3_vl_32b_instruct,2,16,True,1979.1071219112926
qwen3_vl_32b_instruct,2,17,True,1979.1071219112926
qwen3_vl_32b_instruct,2,18,True,1979.1071219112926
qwen3_vl_32b_instruct,2,19,True,1979.1071219112926
qwen3_vl_32b_instruct,2,20,True,1979.1071219112926
qwen3_vl_32b_instruct,2,21,True,1979.1071219112926
qwen3_vl_32b_instruct,2,22,True,1979.1071219112926
qwen3_vl_32b_instruct,2,23,True,1979.1071219112926
qwen3_vl_32b_instruct,2,24,True,1979.1071219112926
qwen3_vl_32b_instruct,2,25,True,1979.1071219112926
qwen3_vl_32b_instruct,2,26,True,1979.1071219112926
qwen3_vl_32b_instruct,2,27,True,1979.1071219112926
qwen3_vl_32b_instruct,2,28,True,1979.1071219112926
qwen3_vl_32b_instruct,2,29,True,1979.1071219112926
qwen3_vl_32b_instruct,2,30,True,1979.1071219112926
qwen3_vl_32b_instruct,2,31,True,1979.1071219112926
qwen3_vl_32b_instruct,2,32,True,1979.1071219112926
qwen3_vl_32b_instruct,2,33,True,1979.1071219112926
qwen3_vl_32b_instruct,2,34,True,1979.1071219112926
qwen3_vl_32b_instruct,2,35,True,1979.1071219112926
qwen3_vl_32b_instruct,2,36,True,1979.1071219112926
qwen3_vl_32b_instruct,2,37,True,1979.1071219112926
qwen3_vl_32b_instruct,2,38,True,1979.1071219112926
qwen3_vl_32b_instruct,2,39,True,1979.1071219112926
qwen3_vl_32b_instruct,2,40,True,1979.1071219112926
qwen3_vl_32b_instruct,2,41,True,1979.1071219112926
qwen3_vl_32b_instruct,2,42,True,1979.1071219112926
qwen3_vl_32b_instruct,2,43,True,1979.1071219112926
qwen3_vl_32b_instruct,2,44,True,1979.1071219112926
qwen3_vl_32b_instruct,2,45,True,1979.1071219112926
qwen3_vl_32b_instruct,2,46,True,1979.1071219112926
qwen3_vl_32b_instruct,2,47,True,1979.1071219112926
qwen3_vl_32b_instruct,2,48,True,1979.1071219112926
qwen3_vl_32b_instruct,2,49,True,1979.1071219112926
qwen3_vl_32b_instruct,2,50,True,1979.1071219112926
qwen3_vl_32b_instruct,2,51,True,1979.1071219112926
qwen3_vl_32b_instruct,3,0,False,2313.4757400932476
qwen3_vl_32b_instruct,3,1,False,5723.650059184261
qwen3_vl_32b_instruct,3,2,False,10292.918439393174
qwen3_vl_32b_instruct,3,3,False,5182.8727555285395
qwen3_vl_32b_instruct,3,4,False,5817.402341251634
qwen3_vl_32b_instruct,3,5,False,2313.4757400932476
qwen3_vl_32b_instruct,3,6,False,2655.2156221293967
qwen3_vl_32b_instruct,3,7,False,3305.4757600079297
qwen3_vl_32b_instruct,3,8,False,3553.0508017758484
qwen3_vl_32b_instruct,3,9,False,1442.2794458772544
qwen3_vl_32b_instruct,3,10,False,3350.8461617925705
qwen3_vl_32b_instruct,3,11,False,1864.448980261997
qwen3_vl_32b_instruct,3,12,False,3553.0508017758484
qwen3_vl_32b_instruct,3,13,False,1442.2794458772544
qwen3_vl_32b_instruct,3,14,False,3350.8461617925705
qwen3_vl_32b_instruct,3,15,False,1864.448980261997
qwen3_vl_32b_instruct,3,16,False,3553.0508017758484
qwen3_vl_32b_instruct,3,17,False,1442.2794458772544
qwen3_vl_32b_instruct,3,18,False,3350.8461617925705
qwen3_vl_32b_instruct,3,19,False,1864.448980261997
qwen3_vl_32b_instruct,3,20,False,3553.0508017758484
qwen3_vl_32b_instruct,3,21,False,1442.2794458772544
qwen3_vl_32b_instruct,3,22,False,3350.8461617925705
qwen3_vl_32b_instruct,3,23,False,1864.448980261997
qwen3_vl_32b_instruct,3,24,False,3553.0508017758484
qwen3_vl_32b_instruct,3,25,False,1442.2794458772544
qwen3_vl_32b_instruct,3,26,False,3350.8461617925705
qwen3_vl_32b_instruct,3,27,False,1864.448980261997
qwen3_vl_32b_instruct,3,28,False,3553.0508017758484
qwen3_vl_32b_instruct,3,29,False,1442.2794458772544
qwen3_vl_32b_instruct,3,30,False,3350.8461617925705
qwen3_vl_32b_instruct,3,31,False,1864.448980261997
qwen3_vl_32b_instruct,3,32,False,3553.0508017758484
qwen3_vl_32b_instruct,3,33,False,1442.2794458772544
qwen3_vl_32b_instruct,3,34,False,3350.8461617925705
qwen3_vl_32b_instruct,3,35,False,1864.448980261997
qwen3_vl_32b_instruct,3,36,False,3553.0508017758484
qwen3_vl_32b_instruct,3,37,False,1442.2794458772544
qwen3_vl_32b_instruct,3,38,False,3350.8461617925705
qwen3_vl_32b_instruct,3,39,False,1864.448980261997
qwen3_vl_32b_instruct,3,40,False,3553.0508017758484
qwen3_vl_32b_instruct,3,41,False,1442.2794458772544
qwen3_vl_32b_instruct,3,42,False,3350.8461617925705
qwen3_vl_32b_instruct,3,43,False,1864.448980261997
qwen3_vl_32b_instruct,3,44,False,3553.0508017758484
qwen3_vl_32b_instruct,3,45,False,1442.2794458772544
qwen3_vl_32b_instruct,3,46,False,3350.8461617925705
qwen3_vl_32b_instruct,3,47,False,1864.448980261997
qwen3_vl_32b_instruct,3,48,False,3553.0508017758484
qwen3_vl_32b_instruct,3,49,False,1442.2794458772544
qwen3_vl_32b_instruct,3,50,False,2313.4757400932476
qwen3_vl_32b_instruct,3,51,True,2313.4757400932476
qwen3_vl_32b_instruct,4,0,False,3626.1683634381898
qwen3_vl_32b_instruct,4,1,False,11517.512622089893
qwen3_vl_32b_instruct,4,2,False,4652.429150454631
qwen3_vl_32b_instruct,4,3,False,3626.1683634381898
qwen3_vl_32b_instruct,4,4,False,5252.532436834636
qwen3_vl_32b_instruct,4,5,False,6979.19028254711
qwen3_vl_32b_instruct,4,6,False,3626.1683634381898
qwen3_vl_32b_instruct,4,7,False,3212.957671678854
qwen3_vl_32b_instruct,4,8,False,2685.3485807246702
qwen3_vl_32b_instruct,4,9,False,4592.068923698772
qwen3_vl_32b_instruct,4,10,False,3626.1683634381898
qwen3_vl_32b_instruct,4,11,False,3626.1683634381898
qwen3_vl_32b_instruct,4,12,True,3626.1683634381898
qwen3_vl_32b_instruct,4,13,True,3626.1683634381898
qwen3_vl_32b_instruct,4,14,True,3626.1683634381898
qwen3_vl_32b_instruct,4,15,True,3626.1683634381898
qwen3_vl_32b_instruct,4,16,True,3626.1683634381898
qwen3_vl_32b_instruct,4,17,True,3626.1683634381898
qwen3_vl_32b_instruct,4,18,True,3626.1683634381898
qwen3_vl_32b_instruct,4,19,True,3626.1683634381898
qwen3_vl_32b_instruct,4,20,True,3626.1683634381898
qwen3_vl_32b_instruct,4,21,True,3626.1683634381898
qwen3_vl_32b_instruct,4,22,True,3626.1683634381898
qwen3_vl_32b_instruct,4,23,True,3626.1683634381898
qwen3_vl_32b_instruct,4,24,True,3626.1683634381898
qwen3_vl_32b_instruct,4,25,True,3626.1683634381898
qwen3_vl_32b_instruct,4,26,True,3626.1683634381898
qwen3_vl_32b_instruct,4,27,True,3626.1683634381898
qwen3_vl_32b_instruct,4,28,True,3626.1683634381898
qwen3_vl_32b_instruct,4,29,True,3626.1683634381898
qwen3_vl_32b_instruct,4,30,True,3626.1683634381898
qwen3_vl_32b_instruct,4,31,True,3626.1683634381898
qwen3_vl_32b_instruct,4,32,True,3626.1683634381898
qwen3_vl_32b_instruct,4,33,True,3626.1683634381898
qwen3_vl_32b_instruct,4,34,True,3626.1683634381898
qwen3_vl_32b_instruct,4,35,True,3626.1683634381898
qwen3_vl_32b_instruct,4,36,True,3626.1683634381898
qwen3_vl_32b_instruct,4,37,True,3626.1683634381898
qwen3_vl_32b_instruct,4,38,True,3626.1683634381898
qwen3_vl_32b_instruct,4,39,True,3626.1683634381898
qwen3_vl_32b_instruct,4,40,True,3626.1683634381898
qwen3_vl_32b_instruct,4,41,True,3626.1683634381898
qwen3_vl_32b_instruct,4,42,True,3626.1683634381898
qwen3_vl_32b_instruct,4,43,True,3626.1683634381898
qwen3_vl_32b_instruct,4,44,True,3626.1683634381898
qwen3_vl_32b_instruct,4,45,True,3626.1683634381898
qwen3_vl_32b_instruct,4,46,True,3626.1683634381898
qwen3_vl_32b_instruct,4,47,True,3626.1683634381898
qwen3_vl_32b_instruct,4,48,True,3626.1683634381898
qwen3_vl_32b_instruct,4,49,True,3626.1683634381898
qwen3_vl_32b_instruct,4,50,True,3626.1683634381898
qwen3_vl_32b_instruct,4,51,True,3626.1683634381898
qwen3_vl_32b_instruct,5,0,False,2132.6312386345653
qwen3_vl_32b_instruct,5,1,False,9324.59736396162
qwen3_vl_32b_instruct,5,2,False,3404.1321948479026
qwen3_vl_32b_instruct,5,3,False,6892.613147420941
qwen3_vl_32b_instruct,5,4,False,7081.533449755074
qwen3_vl_32b_instruct,5,5,False,1986.986663266767
qwen3_vl_32b_instruct,5,6,False,3626.033094167785
qwen3_vl_32b_instruct,5,7,False,1398.6121692592267
qwen3_vl_32b_instruct,5,8,False,3023.262476200173
qwen3_vl_32b_instruct,5,9,False,1664.9672669455097
qwen3_vl_32b_instruct,5,10,False,4931.9484993255965
qwen3_vl_32b_instruct,5,11,False,1398.6121692592267
qwen3_vl_32b_instruct,5,12,False,810.009876482997
qwen3_vl_32b_instruct,5,13,False,2132.6312386345653
qwen3_vl_32b_instruct,5,14,False,1732.661536480798
qwen3_vl_32b_instruct,5,15,False,2567.9010884377926
qwen3_vl_32b_instruct,5,16,False,2132.6312386345653
qwen3_vl_32b_instruct,5,17,True,2132.6312386345653
qwen3_vl_32b_instruct,5,18,True,2132.6312386345653
qwen3_vl_32b_instruct,5,19,True,2132.6312386345653
qwen3_vl_32b_instruct,5,20,True,2132.6312386345653
qwen3_vl_32b_instruct,5,21,True,2132.6312386345653
qwen3_vl_32b_instruct,5,22,True,2132.6312386345653
qwen3_vl_32b_instruct,5,23,True,2132.6312386345653
qwen3_vl_32b_instruct,5,24,True,2132.6312386345653
qwen3_vl_32b_instruct,5,25,True,2132.6312386345653
qwen3_vl_32b_instruct,5,26,True,2132.6312386345653
qwen3_vl_32b_instruct,5,27,True,2132.6312386345653
qwen3_vl_32b_instruct,5,28,True,2132.6312386345653
qwen3_vl_32b_instruct,5,29,True,2132.6312386345653
qwen3_vl_32b_instruct,5,30,True,2132.6312386345653
qwen3_vl_32b_instruct,5,31,True,2132.6312386345653
qwen3_vl_32b_instruct,5,32,True,2132.6312386345653
qwen3_vl_32b_instruct,5,33,True,2132.6312386345653
qwen3_vl_32b_instruct,5,34,True,2132.6312386345653
qwen3_vl_32b_instruct,5,35,True,2132.6312386345653
qwen3_vl_32b_instruct,5,36,True,2132.6312386345653
qwen3_vl_32b_instruct,5,37,True,2132.6312386345653
qwen3_vl_32b_instruct,5,38,True,2132.6312386345653
qwen3_vl_32b_instruct,5,39,True,2132.6312386345653
qwen3_vl_32b_instruct,5,40,True,2132.6312386345653
qwen3_vl_32b_instruct,5,41,True,2132.6312386345653
qwen3_vl_32b_instruct,5,42,True,2132.6312386345653
qwen3_vl_32b_instruct,5,43,True,2132.6312386345653
qwen3_vl_32b_instruct,5,44,True,2132.6312386345653
qwen3_vl_32b_instruct,5,45,True,2132.6312386345653
qwen3_vl_32b_instruct,5,46,True,2132.6312386345653
qwen3_vl_32b_instruct,5,47,True,2132.6312386345653
qwen3_vl_32b_instruct,5,48,True,2132.6312386345653
qwen3_vl_32b_instruct,5,49,True,2132.6312386345653
qwen3_vl_32b_instruct,5,50,True,2132.6312386345653
qwen3_vl_32b_instruct,5,51,True,2132.6312386345653
qwen3_vl_32b_instruct,6,0,False,3185.50780881165
qwen3_vl_32b_instruct,6,1,False,10763.059973817855
qwen3_vl_32b_instruct,6,2,False,5696.618295094029
qwen3_vl_32b_instruct,6,3,False,4102.128715679214
qwen3_vl_32b_instruct,6,4,False,7312.144692222659
qwen3_vl_32b_instruct,6,5,False,5696.618295094029
qwen3_vl_32b_instruct,6,6,False,8704.680350248365
qwen3_vl_32b_instruct,6,7,False,12616.000158528852
qwen3_vl_32b_instruct,6,8,False,3185.50780881165
qwen3_vl_32b_instruct,6,9,False,3185.50780881165
qwen3_vl_32b_instruct,6,10,True,3185.50780881165
qwen3_vl_32b_instruct,6,11,True,3185.50780881165
qwen3_vl_32b_instruct,6,12,True,3185.50780881165
qwen3_vl_32b_instruct,6,13,True,3185.50780881165
qwen3_vl_32b_instruct,6,14,True,3185.50780881165
qwen3_vl_32b_instruct,6,15,True,3185.50780881165
qwen3_vl_32b_instruct,6,16,True,3185.50780881165
qwen3_vl_32b_instruct,6,17,True,3185.50780881165
qwen3_vl_32b_instruct,6,18,True,3185.50780881165
qwen3_vl_32b_instruct,6,19,True,3185.50780881165
qwen3_vl_32b_instruct,6,20,True,3185.50780881165
qwen3_vl_32b_instruct,6,21,True,3185.50780881165
qwen3_vl_32b_instruct,6,22,True,3185.50780881165
qwen3_vl_32b_instruct,6,23,True,3185.50780881165
qwen3_vl_32b_instruct,6,24,True,3185.50780881165
qwen3_vl_32b_instruct,6,25,True,3185.50780881165
qwen3_vl_32b_instruct,6,26,True,3185.50780881165
qwen3_vl_32b_instruct,6,27,True,3185.50780881165
qwen3_vl_32b_instruct,6,28,True,3185.50780881165
qwen3_vl_32b_instruct,6,29,True,3185.50780881165
qwen3_vl_32b_instruct,6,30,True,3185.50780881165
qwen3_vl_32b_instruct,6,31,True,3185.50780881165
qwen3_vl_32b_instruct,6,32,True,3185.50780881165
qwen3_vl_32b_instruct,6,33,True,3185.50780881165
qwen3_vl_32b_instruct,6,34,True,3185.50780881165
qwen3_vl_32b_instruct,6,35,True,3185.50780881165
qwen3_vl_32b_instruct,6,36,True,3185.50780881165
qwen3_vl_32b_instruct,6,37,True,3185.50780881165
qwen3_vl_32b_instruct,6,38,True,3185.50780881165
qwen3_vl_32b_instruct,6,39,True,3185.50780881165
qwen3_vl_32b_instruct,6,40,True,3185.50780881165
qwen3_vl_32b_instruct,6,41,True,3185.50780881165
qwen3_vl_32b_instruct,6,42,True,3185.50780881165
qwen3_vl_32b_instruct,6,43,True,3185.50780881165
qwen3_vl_32b_instruct,6,44,True,3185.50780881165
qwen3_vl_32b_instruct,6,45,True,3185.50780881165
qwen3_vl_32b_instruct,6,46,True,3185.50780881165
qwen3_vl_32b_instruct,6,47,True,3185.50780881165
qwen3_vl_32b_instruct,6,48,True,3185.50780881165
qwen3_vl_32b_instruct,6,49,True,3185.50780881165
qwen3_vl_32b_instruct,6,50,True,3185.50780881165
qwen3_vl_32b_instruct,6,51,True,3185.50780881165
qwen3_vl_32b_instruct,7,0,False,1843.9023835333583
qwen3_vl_32b_instruct,7,1,False,8427.097721042517
qwen3_vl_32b_instruct,7,2,False,7986.487087574862
qwen3_vl_32b_instruct,7,3,False,3178.045940511244
qwen3_vl_32b_instruct,7,4,False,6833.738069314627
qwen3_vl_32b_instruct,7,5,False,2839.0096864928096
qwen3_vl_32b_instruct,7,6,False,860.2185768745057
qwen3_vl_32b_instruct,7,7,False,1986.9514337295716
qwen3_vl_32b_instruct,7,8,False,2202.7201365584324
qwen3_vl_32b_instruct,7,9,False,1843.9023835333583
qwen3_vl_32b_instruct,7,10,True,1843.9023835333583
qwen3_vl_32b_instruct,7,11,True,1843.9023835333583
qwen3_vl_32b_instruct,7,12,True,1843.9023835333583
qwen3_vl_32b_instruct,7,13,True,1843.9023835333583
qwen3_vl_32b_instruct,7,14,True,1843.9023835333583
qwen3_vl_32b_instruct,7,15,True,1843.9023835333583
qwen3_vl_32b_instruct,7,16,True,1843.9023835333583
qwen3_vl_32b_instruct,7,17,True,1843.9023835333583
qwen3_vl_32b_instruct,7,18,True,1843.9023835333583
qwen3_vl_32b_instruct,7,19,True,1843.9023835333583
qwen3_vl_32b_instruct,7,20,True,1843.9023835333583
qwen3_vl_32b_instruct,7,21,True,1843.9023835333583
qwen3_vl_32b_instruct,7,22,True,1843.9023835333583
qwen3_vl_32b_instruct,7,23,True,1843.9023835333583
qwen3_vl_32b_instruct,7,24,True,1843.9023835333583
qwen3_vl_32b_instruct,7,25,True,1843.9023835333583
qwen3_vl_32b_instruct,7,26,True,1843.9023835333583
qwen3_vl_32b_instruct,7,27,True,1843.9023835333583
qwen3_vl_32b_instruct,7,28,True,1843.9023835333583
qwen3_vl_32b_instruct,7,29,True,1843.9023835333583
qwen3_vl_32b_instruct,7,30,True,1843.9023835333583
qwen3_vl_32b_instruct,7,31,True,1843.9023835333583
qwen3_vl_32b_instruct,7,32,True,1843.9023835333583
qwen3_vl_32b_instruct,7,33,True,1843.9023835333583
qwen3_vl_32b_instruct,7,34,True,1843.9023835333583
qwen3_vl_32b_instruct,7,35,True,1843.9023835333583
qwen3_vl_32b_instruct,7,36,True,1843.9023835333583
qwen3_vl_32b_instruct,7,37,True,1843.9023835333583
qwen3_vl_32b_instruct,7,38,True,1843.9023835333583
qwen3_vl_32b_instruct,7,39,True,1843.9023835333583
qwen3_vl_32b_instruct,7,40,True,1843.9023835333583
qwen3_vl_32b_instruct,7,41,True,1843.9023835333583
qwen3_vl_32b_instruct,7,42,True,1843.9023835333583
qwen3_vl_32b_instruct,7,43,True,1843.9023835333583
qwen3_vl_32b_instruct,7,44,True,1843.9023835333583
qwen3_vl_32b_instruct,7,45,True,1843.9023835333583
qwen3_vl_32b_instruct,7,46,True,1843.9023835333583
qwen3_vl_32b_instruct,7,47,True,1843.9023835333583
qwen3_vl_32b_instruct,7,48,True,1843.9023835333583
qwen3_vl_32b_instruct,7,49,True,1843.9023835333583
qwen3_vl_32b_instruct,7,50,True,1843.9023835333583
qwen3_vl_32b_instruct,7,51,True,1843.9023835333583
qwen3_vl_32b_instruct,8,0,False,2943.0304109879667
qwen3_vl_32b_instruct,8,1,False,10939.352266016485
qwen3_vl_32b_instruct,8,2,False,5651.674796022857
qwen3_vl_32b_instruct,8,3,False,5948.228980125093
qwen3_vl_32b_instruct,8,4,False,5064.921322192478
qwen3_vl_32b_instruct,8,5,False,10939.352266016485
qwen3_vl_32b_instruct,8,6,False,2943.0304109879667
qwen3_vl_32b_instruct,8,7,False,5651.674796022857
qwen3_vl_32b_instruct,8,8,False,5948.228980125093
qwen3_vl_32b_instruct,8,9,False,2943.0304109879667
qwen3_vl_32b_instruct,8,10,False,2943.0304109879667
qwen3_vl_32b_instruct,8,11,True,2943.0304109879667
qwen3_vl_32b_instruct,8,12,True,2943.0304109879667
qwen3_vl_32b_instruct,8,13,True,2943.0304109879667
qwen3_vl_32b_instruct,8,14,True,2943.0304109879667
qwen3_vl_32b_instruct,8,15,True,2943.0304109879667
qwen3_vl_32b_instruct,8,16,True,2943.0304109879667
qwen3_vl_32b_instruct,8,17,True,2943.0304109879667
qwen3_vl_32b_instruct,8,18,True,2943.0304109879667
qwen3_vl_32b_instruct,8,19,True,2943.0304109879667
qwen3_vl_32b_instruct,8,20,True,2943.0304109879667
qwen3_vl_32b_instruct,8,21,True,2943.0304109879667
qwen3_vl_32b_instruct,8,22,True,2943.0304109879667
qwen3_vl_32b_instruct,8,23,True,2943.0304109879667
qwen3_vl_32b_instruct,8,24,True,2943.0304109879667
qwen3_vl_32b_instruct,8,25,True,2943.0304109879667
qwen3_vl_32b_instruct,8,26,True,2943.0304109879667
qwen3_vl_32b_instruct,8,27,True,2943.0304109879667
qwen3_vl_32b_instruct,8,28,True,2943.0304109879667
qwen3_vl_32b_instruct,8,29,True,2943.0304109879667
qwen3_vl_32b_instruct,8,30,True,2943.0304109879667
qwen3_vl_32b_instruct,8,31,True,2943.0304109879667
qwen3_vl_32b_instruct,8,32,True,2943.0304109879667
qwen3_vl_32b_instruct,8,33,True,2943.0304109879667
qwen3_vl_32b_instruct,8,34,True,2943.0304109879667
qwen3_vl_32b_instruct,8,35,True,2943.0304109879667
qwen3_vl_32b_instruct,8,36,True,2943.0304109879667
qwen3_vl_32b_instruct,8,37,True,2943.0304109879667
qwen3_vl_32b_instruct,8,38,True,2943.0304109879667
qwen3_vl_32b_instruct,8,39,True,2943.0304109879667
qwen3_vl_32b_instruct,8,40,True,2943.0304109879667
qwen3_vl_32b_instruct,8,41,True,2943.0304109879667
qwen3_vl_32b_instruct,8,42,True,2943.0304109879667
qwen3_vl_32b_instruct,8,43,True,2943.0304109879667
qwen3_vl_32b_instruct,8,44,True,2943.0304109879667
qwen3_vl_32b_instruct,8,45,True,2943.0304109879667
qwen3_vl_32b_instruct,8,46,True,2943.0304109879667
qwen3_vl_32b_instruct,8,47,True,2943.0304109879667
qwen3_vl_32b_instruct,8,48,True,2943.0304109879667
qwen3_vl_32b_instruct,8,49,True,2943.0304109879667
qwen3_vl_32b_instruct,8,50,True,2943.0304109879667
qwen3_vl_32b_instruct,8,51,True,2943.0304109879667
qwen3_vl_32b_instruct,9,0,False,4095.0877890467746
qwen3_vl_32b_instruct,9,1,False,11822.763805472898
qwen3_vl_32b_instruct,9,2,False,4664.948445588654
qwen3_vl_32b_instruct,9,3,False,1807.1369621586516
qwen3_vl_32b_instruct,9,4,False,2453.109047718833
qwen3_vl_32b_instruct,9,5,False,1908.3354002900014
qwen3_vl_32b_instruct,9,6,False,2140.0336445953367
qwen3_vl_32b_instruct,9,7,False,2012.0248507411632
qwen3_vl_32b_instruct,9,8,False,1946.6237438190258
qwen3_vl_32b_instruct,9,9,False,2086.1792828038533
qwen3_vl_32b_instruct,9,10,False,2257.1982633344373
qwen3_vl_32b_instruct,9,11,False,2140.0336445953367
qwen3_vl_32b_instruct,9,12,False,6883.294560019933
qwen3_vl_32b_instruct,9,13,False,3432.1631662844934
qwen3_vl_32b_instruct,9,14,False,2172.1289096183955
qwen3_vl_32b_instruct,9,15,False,2278.8909583391655
qwen3_vl_32b_instruct,9,16,False,2140.0336445953367
qwen3_vl_32b_instruct,9,17,True,2140.0336445953367
qwen3_vl_32b_instruct,9,18,True,2140.0336445953367
qwen3_vl_32b_instruct,9,19,True,2140.0336445953367
qwen3_vl_32b_instruct,9,20,True,2140.0336445953367
qwen3_vl_32b_instruct,9,21,True,2140.0336445953367
qwen3_vl_32b_instruct,9,22,True,2140.0336445953367
qwen3_vl_32b_instruct,9,23,True,2140.0336445953367
qwen3_vl_32b_instruct,9,24,True,2140.0336445953367
qwen3_vl_32b_instruct,9,25,True,2140.0336445953367
qwen3_vl_32b_instruct,9,26,True,2140.0336445953367
qwen3_vl_32b_instruct,9,27,True,2140.0336445953367
qwen3_vl_32b_instruct,9,28,True,2140.0336445953367
qwen3_vl_32b_instruct,9,29,True,2140.0336445953367
qwen3_vl_32b_instruct,9,30,True,2140.0336445953367
qwen3_vl_32b_instruct,9,31,True,2140.0336445953367
qwen3_vl_32b_instruct,9,32,True,2140.0336445953367
qwen3_vl_32b_instruct,9,33,True,2140.0336445953367
qwen3_vl_32b_instruct,9,34,True,2140.0336445953367
qwen3_vl_32b_instruct,9,35,True,2140.0336445953367
qwen3_vl_32b_instruct,9,36,True,2140.0336445953367
qwen3_vl_32b_instruct,9,37,True,2140.0336445953367
qwen3_vl_32b_instruct,9,38,True,2140.0336445953367
qwen3_vl_32b_instruct,9,39,True,2140.0336445953367
qwen3_vl_32b_instruct,9,40,True,2140.0336445953367
qwen3_vl_32b_instruct,9,41,True,2140.0336445953367
qwen3_vl_32b_instruct,9,42,True,2140.0336445953367
qwen3_vl_32b_instruct,9,43,True,2140.0336445953367
qwen3_vl_32b_instruct,9,44,True,2140.0336445953367
qwen3_vl_32b_instruct,9,45,True,2140.0336445953367
qwen3_vl_32b_instruct,9,46,True,2140.0336445953367
qwen3_vl_32b_instruct,9,47,True,2140.0336445953367
qwen3_vl_32b_instruct,9,48,True,2140.0336445953367
qwen3_vl_32b_instruct,9,49,True,2140.0336445953367
qwen3_vl_32b_instruct,9,50,True,2140.0336445953367
qwen3_vl_32b_instruct,9,51,True,2140.0336445953367
