series,repeat_index,evaluation,best_error
gpt_simulation,0,0,2186.2005854907275
gpt_simulation,0,1,1751.6486519847524
gpt_simulation,0,2,1751.6486519847524
gpt_simulation,0,3,765.5540477327515
gpt_simulation,0,4,765.5540477327515
gpt_simulation,0,5,765.5540477327515
gpt_simulation,0,6,765.5540477327515
gpt_simulation,0,7,178.1937148162078
gpt_simulation,0,8,178.1937148162078
gpt_simulation,0,9,178.1937148162078
gpt_simulation,0,10,178.1937148162078
gpt_simulation,0,11,178.1937148162078
gpt_simulation,0,12,178.1937148162078
gpt_simulation,0,13,178.1937148162078
gpt_simulation,0,14,178.1937148162078
gpt_simulation,0,15,178.1937148162078
gpt_simulation,0,16,178.1937148162078
gpt_simulation,0,17,178.1937148162078
gpt_simulation,0,18,178.1937148162078
gpt_simulation,0,19,178.1937148162078
gpt_simulation,0,20,178.1937148162078
gpt_simulation,0,21,178.1937148162078
gpt_simulation,0,22,178.1937148162078
gpt_simulation,0,23,178.1937148162078
gpt_simulation,0,24,178.1937148162078
gpt_simulation,0,25,178.1937148162078
gpt_simulation,0,26,178.1937148162078
gpt_simulation,0,27,178.1937148162078
gpt_simulation,0,28,178.1937148162078
gpt_simulation,0,29,178.1937148162078
gpt_simulation,0,30,178.1937148162078
gpt_simulation,0,31,178.1937148162078
gpt_simulation,0,32,178.1937148162078
gpt_simulation,0,33,178.1937148162078
gpt_simulation,0,34,178.1937148162078
gpt_simulation,0,35,178.1937148162078
gpt_simulation,0,36,178.1937148162078
gpt_simulation,0,37,178.1937148162078
gpt_simulation,0,38,178.1937148162078
gpt_simulation,0,39,178.1937148162078
gpt_simulation,0,40,178.1937148162078
gpt_simulation,0,41,178.1937148162078
gpt_simulation,0,42,178.1937148162078
gpt_simulation,0,43,178.1937148162078
gpt_simulation,0,44,178.1937148162078
gpt_simulation,0,45,178.1937148162078
gpt_simulation,0,46,178.1937148162078
gpt_simulation,0,47,178.1937148162078
gpt_simulation,0,48,178.1937148162078
gpt_simulation,0,49,178.1937148162078
gpt_simulation,0,50,178.1937148162078
gpt_simulation,1,0,3375.000148148145
gpt_simulation,1,1,3375.000148148145
gpt_simulation,1,2,1417.9654438666691
gpt_simulation,1,3,1417.9654438666691
gpt_simulation,1,4,1417.9654438666691
gpt_simulation,1,5,137.20787149431334
gpt_simulation,1,6,137.20787149431334
gpt_simulation,1,7,137.20787149431334
gpt_simulation,1,8,137.20787149431334
gpt_simulation,1,9,137.20787149431334
gpt_simulation,1,10,122.09013064126027
gpt_simulation,1,11,122.09013064126027
gpt_simulation,1,12,122.09013064126027
gpt_simulation,1,13,122.09013064126027
gpt_simulation,1,14,122.09013064126027
gpt_simulation,1,15,122.09013064126027
gpt_simulation,1,16,122.09013064126027
gpt_simulation,1,17,122.09013064126027
gpt_simulation,1,18,122.09013064126027
gpt_simulation,1,19,122.09013064126027
gpt_simulation,1,20,122.09013064126027
gpt_simulation,1,21,122.09013064126027
gpt_simulation,1,22,122.09013064126027
gpt_simulation,1,23,122.09013064126027
gpt_simulation,1,24,122.09013064126027
gpt_simulation,1,25,122.09013064126027
gpt_simulation,1,26,122.09013064126027
gpt_simulation,1,27,122.09013064126027
gpt_simulation,1,28,122.09013064126027
gpt_simulation,1,29,122.09013064126027
gpt_simulation,1,30,122.09013064126027
gpt_simulation,1,31,122.09013064126027
gpt_simulation,1,32,122.09013064126027
gpt_simulation,1,33,122.09013064126027
gpt_simulation,1,34,122.09013064126027
gpt_simulation,1,35,122.09013064126027
gpt_simulation,1,36,122.09013064126027
gpt_simulation,1,37,122.09013064126027
gpt_simulation,1,38,122.09013064126027
gpt_simulation,1,39,122.09013064126027
gpt_simulation,1,40,122.09013064126027
gpt_simulation,1,41,122.09013064126027
gpt_simulation,1,42,122.09013064126027
gpt_simulation,1,43,122.09013064126027
gpt_simulation,1,44,122.09013064126027
gpt_simulation,1,45,122.09013064126027
gpt_simulation,1,46,122.09013064126027
gpt_simulation,1,47,122.09013064126027
gpt_simulation,1,48,122.09013064126027
gpt_simulation,1,49,122.09013064126027
gpt_simulation,1,50,122.09013064126027
gpt_simulation,2,0,1979.1071219112926
gpt_simulation,2,1,876.3931766051126
gpt_simulation,2,2,706.5868665634821
gpt_simulation,2,3,706.5868665634821
gpt_simulation,2,4,706.5868665634821
gpt_simulation,2,5,706.5868665634821
gpt_simulation,2,6,706.5868665634821
gpt_simulation,2,7,706.5868665634821
gpt_simulation,2,8,706.5868665634821
gpt_simulation,2,9,706.5868665634821
gpt_simulation,2,10,271.0073799733136
gpt_simulation,2,11,271.0073799733136
gpt_simulation,2,12,271.0073799733136
gpt_simulation,2,13,271.0073799733136
gpt_simulation,2,14,271.0073799733136
gpt_simulation,2,15,271.0073799733136
gpt_simulation,2,16,271.0073799733136
gpt_simulation,2,17,271.0073799733136
gpt_simulation,2,18,271.0073799733136
gpt_simulation,2,19,271.0073799733136
gpt_simulation,2,20,271.0073799733136
gpt_simulation,2,21,271.0073799733136
gpt_simulation,2,22,271.0073799733136
gpt_simulation,2,23,271.0073799733136
gpt_simulation,2,24,271.0073799733136
gpt_simulation,2,25,271.0073799733136
gpt_simulation,2,26,271.0073799733136
gpt_simulation,2,27,271.0073799733136
gpt_simulation,2,28,271.0073799733136
gpt_simulation,2,29,271.0073799733136
gpt_simulation,2,30,271.0073799733136
gpt_simulation,2,31,271.0073799733136
gpt_simulation,2,32,271.0073799733136
gpt_simulation,2,33,271.0073799733136
gpt_simulation,2,34,271.0073799733136
gpt_simulation,2,35,271.0073799733136
gpt_simulation,2,36,271.0073799733136
gpt_simulation,2,37,271.0073799733136
gpt_simulation,2,38,271.0073799733136
gpt_simulation,2,39,271.0073799733136
gpt_simulation,2,40,271.0073799733136
gpt_simulation,2,41,271.0073799733136
gpt_simulation,2,42,271.0073799733136
gpt_simulation,2,43,271.0073799733136
gpt_simulation,2,44,271.0073799733136
gpt_simulation,2,45,271.0073799733136
gpt_simulation,2,46,271.0073799733136
gpt_simulation,2,47,271.0073799733136
gpt_simulation,2,48,271.0073799733136
gpt_simulation,2,49,271.0073799733136
gpt_simulation,2,50,271.0073799733136
gpt_simulation,3,0,2313.4757400932476
gpt_simulation,3,1,2313.4757400932476
gpt_simulation,3,2,1748.190493052745
gpt_simulation,3,3,1748.190493052745
gpt_simulation,3,4,1748.190493052745
gpt_simulation,3,5,98.84331034521254
gpt_simulation,3,6,98.84331034521254
gpt_simulation,3,7,98.84331034521254
gpt_simulation,3,8,98.84331034521254
gpt_simulation,3,9,98.84331034521254
gpt_simulation,3,10,98.84331034521254
gpt_simulation,3,11,98.84331034521254
gpt_simulation,3,12,98.84331034521254
gpt_simulation,3,13,98.84331034521254
gpt_simulation,3,14,98.84331034521254
gpt_simulation,3,15,98.84331034521254
gpt_simulation,3,16,98.84331034521254
gpt_simulation,3,17,98.84331034521254
gpt_simulation,3,18,98.84331034521254
gpt_simulation,3,19,98.84331034521254
gpt_simulation,3,20,98.84331034521254
gpt_simulation,3,21,98.84331034521254
gpt_simulation,3,22,98.84331034521254
gpt_simulation,3,23,98.84331034521254
gpt_simulation,3,24,98.84331034521254
gpt_simulation,3,25,98.84331034521254
gpt_simulation,3,26,98.84331034521254
gpt_simulation,3,27,98.84331034521254
gpt_simulation,3,28,98.84331034521254
gpt_simulation,3,29,98.84331034521254
gpt_simulation,3,30,98.84331034521254
gpt_simulation,3,31,98.84331034521254
gpt_simulation,3,32,98.84331034521254
gpt_simulation,3,33,98.84331034521254
gpt_simulation,3,34,98.84331034521254
gpt_simulation,3,35,98.84331034521254
gpt_simulation,3,36,98.84331034521254
gpt_simulation,3,37,98.84331034521254
gpt_simulation,3,38,98.84331034521254
gpt_simulation,3,39,98.84331034521254
gpt_simulation,3,40,98.84331034521254
gpt_simulation,3,41,98.84331034521254
gpt_simulation,3,42,98.84331034521254
gpt_simulation,3,43,98.84331034521254
gpt_simulation,3,44,98.84331034521254
gpt_simulation,3,45,98.84331034521254
gpt_simulation,3,46,98.84331034521254
gpt_simulation,3,47,98.84331034521254
gpt_simulation,3,48,98.84331034521254
gpt_simulation,3,49,98.84331034521254
gpt_simulation,3,50,98.84331034521254
gpt_simulation,4,0,3626.1683634381898
gpt_simulation,4,1,2234.3001141297023
gpt_simulation,4,2,1859.8647800310646
gpt_simulation,4,3,1859.8647800310646
gpt_simulation,4,4,1859.8647800310646
gpt_simulation,4,5,104.10091258005379
gpt_simulation,4,6,104.10091258005379
gpt_simulation,4,7,104.10091258005379
gpt_simulation,4,8,104.10091258005379
gpt_simulation,4,9,104.10091258005379
gpt_simulation,4,10,104.10091258005379
gpt_simulation,4,11,104.10091258005379
gpt_simulation,4,12,104.10091258005379
gpt_simulation,4,13,104.10091258005379
gpt_simulation,4,14,104.10091258005379
gpt_simulation,4,15,104.10091258005379
gpt_simulation,4,16,104.10091258005379
gpt_simulation,4,17,104.10091258005379
gpt_simulation,4,18,104.10091258005379
gpt_simulation,4,19,104.10091258005379
gpt_simulation,4,20,104.10091258005379
gpt_simulation,4,21,104.10091258005379
gpt_simulation,4,22,104.10091258005379
gpt_simulation,4,23,104.10091258005379
gpt_simulation,4,24,104.10091258005379
gpt_simulation,4,25,104.10091258005379
gpt_simulation,4,26,104.10091258005379
gpt_simulation,4,27,104.10091258005379
gpt_simulation,4,28,104.10091258005379
gpt_simulation,4,29,104.10091258005379
gpt_simulation,4,30,104.10091258005379
gpt_simulation,4,31,104.10091258005379
gpt_simulation,4,32,104.10091258005379
gpt_simulation,4,33,104.10091258005379
gpt_simulation,4,34,104.10091258005379
gpt_simulation,4,35,104.10091258005379
gpt_simulation,4,36,104.10091258005379
gpt_simulation,4,37,104.10091258005379
gpt_simulation,4,38,104.10091258005379
gpt_simulation,4,39,104.10091258005379
gpt_simulation,4,40,104.10091258005379
gpt_simulation,4,41,104.10091258005379
gpt_simulation,4,42,104.10091258005379
gpt_simulation,4,43,104.10091258005379
gpt_simulation,4,44,104.10091258005379
gpt_simulation,4,45,104.10091258005379
gpt_simulation,4,46,104.10091258005379
gpt_simulation,4,47,104.10091258005379
gpt_simulation,4,48,104.10091258005379
gpt_simulation,4,49,104.10091258005379
gpt_simulation,4,50,104.10091258005379
gpt_simulation,5,0,2132.6312386345653
gpt_simulation,5,1,1986.986663266767
gpt_simulation,5,2,1986.986663266767
gpt_simulation,5,3,1910.0041884770828
gpt_simulation,5,4,797.5688058092543
gpt_simulation,5,5,797.5688058092543
gpt_simulation,5,6,407.0823012610595
gpt_simulation,5,7,407.0823012610595
gpt_simulation,5,8,90.97252332435328
gpt_simulation,5,9,90.97252332435328
gpt_simulation,5,10,90.97252332435328
gpt_simulation,5,11,90.97252332435328
gpt_simulation,5,12,90.97252332435328
gpt_simulation,5,13,90.97252332435328
gpt_simulation,5,14,90.97252332435328
gpt_simulation,5,15,90.97252332435328
gpt_simulation,5,16,90.97252332435328
gpt_simulation,5,17,90.97252332435328
gpt_simulation,5,18,90.97252332435328
gpt_simulation,5,19,90.97252332435328
gpt_simulation,5,20,90.97252332435328
gpt_simulation,5,21,90.97252332435328
gpt_simulation,5,22,90.97252332435328
gpt_simulation,5,23,90.97252332435328
gpt_simulation,5,24,90.97252332435328
gpt_simulation,5,25,90.97252332435328
gpt_simulation,5,26,90.97252332435328
gpt_simulation,5,27,90.97252332435328
gpt_simulation,5,28,90.97252332435328
gpt_simulation,5,29,90.97252332435328
gpt_simulation,5,30,90.97252332435328
gpt_simulation,5,31,90.97252332435328
gpt_simulation,5,32,90.97252332435328
gpt_simulation,5,33,90.97252332435328
gpt_simulation,5,34,90.97252332435328
gpt_simulation,5,35,90.97252332435328
gpt_simulation,5,36,90.97252332435328
gpt_simulation,5,37,90.97252332435328
gpt_simulation,5,38,90.97252332435328
gpt_simulation,5,39,90.97252332435328
gpt_simulation,5,40,90.97252332435328
gpt_simulation,5,41,90.97252332435328
gpt_simulation,5,42,90.97252332435328
gpt_simulation,5,43,90.97252332435328
gpt_simulation,5,44,90.97252332435328
gpt_simulation,5,45,90.97252332435328
gpt_simulation,5,46,90.97252332435328
gpt_simulation,5,47,90.97252332435328
gpt_simulation,5,48,90.97252332435328
gpt_simulation,5,49,90.97252332435328
gpt_simulation,5,50,90.97252332435328
gpt_simulation,6,0,3185.50780881165
gpt_simulation,6,1,1929.6269069434122
gpt_simulation,6,2,1929.6269069434122
gpt_simulation,6,3,1929.6269069434122
gpt_simulation,6,4,1676.0429588766513
gpt_simulation,6,5,848.0094339097885
gpt_simulation,6,6,848.0094339097885
gpt_simulation,6,7,164.98484778912274
gpt_simulation,6,8,164.98484778912274
gpt_simulation,6,9,164.98484778912274
gpt_simulation,6,10,164.98484778912274
gpt_simulation,6,11,164.98484778912274
gpt_simulation,6,12,164.98484778912274
gpt_simulation,6,13,164.98484778912274
gpt_simulation,6,14,164.98484778912274
gpt_simulation,6,15,164.98484778912274
gpt_simulation,6,16,164.98484778912274
gpt_simulation,6,17,164.98484778912274
gpt_simulation,6,18,164.98484778912274
gpt_simulation,6,19,164.98484778912274
gpt_simulation,6,20,164.98484778912274
gpt_simulation,6,21,164.98484778912274
gpt_simulation,6,22,164.98484778912274
gpt_simulation,6,23,164.98484778912274
gpt_simulation,6,24,164.98484778912274
gpt_simulation,6,25,164.98484778912274
gpt_simulation,6,26,164.98484778912274
gpt_simulation,6,27,164.98484778912274
gpt_simulation,6,28,164.98484778912274
gpt_simulation,6,29,164.98484778912274
gpt_simulation,6,30,164.98484778912274
gpt_simulation,6,31,164.98484778912274
gpt_simulation,6,32,164.98484778912274
gpt_simulation,6,33,164.98484778912274
gpt_simulation,6,34,164.98484778912274
gpt_simulation,6,35,164.98484778912274
gpt_simulation,6,36,164.98484778912274
gpt_simulation,6,37,164.98484778912274
gpt_simulation,6,38,164.98484778912274
gpt_simulation,6,39,164.98484778912274
gpt_simulation,6,40,164.98484778912274
gpt_simulation,6,41,164.98484778912274
gpt_simulation,6,42,164.98484778912274
gpt_simulation,6,43,164.98484778912274
gpt_simulation,6,44,164.98484778912274
gpt_simulation,6,45,164.98484778912274
gpt_simulation,6,46,164.98484778912274
gpt_simulation,6,47,164.98484778912274
gpt_simulation,6,48,164.98484778912274
gpt_simulation,6,49,164.98484778912274
gpt_simulation,6,50,164.98484778912274
gpt_simulation,7,0,1843.9023835333583
gpt_simulation,7,1,1843.9023835333583
gpt_simulation,7,2,1843.9023835333583
gpt_simulation,7,3,1843.9023835333583
gpt_simulation,7,4,1843.9023835333583
gpt_simulation,7,5,1843.9023835333583
gpt_simulation,7,6,236.5924766344019
gpt_simulation,7,7,236.5924766344019
gpt_simulation,7,8,236.5924766344019
gpt_simulation,7,9,236.5924766344019
gpt_simulation,7,10,236.5924766344019
gpt_simulation,7,11,236.5924766344019
gpt_simulation,7,12,236.5924766344019
gpt_simulation,7,13,236.5924766344019
gpt_simulation,7,14,236.5924766344019
gpt_simulation,7,15,236.5924766344019
gpt_simulation,7,16,236.5924766344019
gpt_simulation,7,17,236.5924766344019
gpt_simulation,7,18,236.5924766344019
gpt_simulation,7,19,236.5924766344019
gpt_simulation,7,20,236.5924766344019
gpt_simulation,7,21,236.5924766344019
gpt_simulation,7,22,236.5924766344019
gpt_simulation,7,23,236.5924766344019
gpt_simulation,7,24,236.5924766344019
gpt_simulation,7,25,236.5924766344019
gpt_simulation,7,26,236.5924766344019
gpt_simulation,7,27,236.5924766344019
gpt_simulation,7,28,236.5924766344019
gpt_simulation,7,29,236.5924766344019
gpt_simulation,7,30,236.5924766344019
gpt_simulation,7,31,236.5924766344019
gpt_simulation,7,32,236.5924766344019
gpt_simulation,7,33,236.5924766344019
gpt_simulation,7,34,236.5924766344019
gpt_simulation,7,35,236.5924766344019
gpt_simulation,7,36,236.5924766344019
gpt_simulation,7,37,236.5924766344019
gpt_simulation,7,38,236.5924766344019
gpt_simulation,7,39,236.5924766344019
gpt_simulation,7,40,236.5924766344019
gpt_simulation,7,41,236.5924766344019
gpt_simulation,7,42,236.5924766344019
gpt_simulation,7,43,236.5924766344019
gpt_simulation,7,44,236.5924766344019
gpt_simulation,7,45,236.5924766344019
gpt_simulation,7,46,236.5924766344019
gpt_simulation,7,47,236.5924766344019
gpt_simulation,7,48,236.5924766344019
gpt_simulation,7,49,236.5924766344019
gpt_simulation,7,50,236.5924766344019
gpt_simulation,8,0,2943.0304109879667
gpt_simulation,8,1,1448.2499784222337
gpt_simulation,8,2,1075.8382778094485
gpt_simulation,8,3,1075.8382778094485
gpt_simulation,8,4,1075.8382778094485
gpt_simulation,8,5,1075.8382778094485
gpt_simulation,8,6,62.03224967708329
gpt_simulation,8,7,62.03224967708329
gpt_simulation,8,8,62.03224967708329
gpt_simulation,8,9,62.03224967708329
gpt_simulation,8,10,62.03224967708329
gpt_simulation,8,11,62.03224967708329
gpt_simulation,8,12,62.03224967708329
gpt_simulation,8,13,62.03224967708329
gpt_simulation,8,14,62.03224967708329
gpt_simulation,8,15,62.03224967708329
gpt_simulation,8,16,62.03224967708329
gpt_simulation,8,17,62.03224967708329
gpt_simulation,8,18,62.03224967708329
gpt_simulation,8,19,62.03224967708329
gpt_simulation,8,20,62.03224967708329
gpt_simulation,8,21,62.03224967708329
gpt_simulation,8,22,62.03224967708329
gpt_simulation,8,23,62.03224967708329
gpt_simulation,8,24,62.03224967708329
gpt_simulation,8,25,62.03224967708329
gpt_simulation,8,26,62.03224967708329
gpt_simulation,8,27,62.03224967708329
gpt_simulation,8,28,62.03224967708329
gpt_simulation,8,29,62.03224967708329
gpt_simulation,8,30,62.03224967708329
gpt_simulation,8,31,62.03224967708329
gpt_simulation,8,32,62.03224967708329
gpt_simulation,8,33,62.03224967708329
gpt_simulation,8,34,62.03224967708329
gpt_simulation,8,35,62.03224967708329
gpt_simulation,8,36,62.03224967708329
gpt_simulation,8,37,62.03224967708329
gpt_simulation,8,38,62.03224967708329
gpt_simulation,8,39,62.03224967708329
gpt_simulation,8,40,62.03224967708329
gpt_simulation,8,41,62.03224967708329
gpt_simulation,8,42,62.03224967708329
gpt_simulation,8,43,62.03224967708329
gpt_simulation,8,44,62.03224967708329
gpt_simulation,8,45,62.03224967708329
gpt_simulation,8,46,62.03224967708329
gpt_simulation,8,47,62.03224967708329
gpt_simulation,8,48,62.03224967708329
gpt_simulation,8,49,62.03224967708329
gpt_simulation,8,50,62.03224967708329
gpt_simulation,9,0,4095.0877890467746
gpt_simulation,9,1,3223.9330017852417
gpt_simulation,9,2,2211.276554391151
gpt_simulation,9,3,2211.276554391151
gpt_simulation,9,4,720.0999930565199
gpt_simulation,9,5,720.0999930565199
gpt_simulation,9,6,720.0999930565199
gpt_simulation,9,7,720.0999930565199
gpt_simulation,9,8,720.0999930565199
gpt_simulation,9,9,720.0999930565199
gpt_simulation,9,10,130.5526713629407
gpt_simulation,9,11,130.5526713629407
gpt_simulation,9,12,130.5526713629407
gpt_simulation,9,13,130.5526713629407
gpt_simulation,9,14,130.5526713629407
gpt_simulation,9,15,130.5526713629407
gpt_simulation,9,16,130.5526713629407
gpt_simulation,9,17,130.5526713629407
gpt_simulation,9,18,130.5526713629407
gpt_simulation,9,19,130.5526713629407
gpt_simulation,9,20,130.5526713629407
gpt_simulation,9,21,130.5526713629407
gpt_simulation,9,22,130.5526713629407
gpt_simulation,9,23,130.5526713629407
gpt_simulation,9,24,130.5526713629407
gpt_simulation,9,25,130.5526713629407
gpt_simulation,9,26,130.5526713629407
gpt_simulation,9,27,130.5526713629407
gpt_simulation,9,28,130.5526713629407
gpt_simulation,9,29,130.5526713629407
gpt_simulation,9,30,130.5526713629407
gpt_simulation,9,31,130.5526713629407
gpt_simulation,9,32,130.5526713629407
gpt_simulation,9,33,130.5526713629407
gpt_simulation,9,34,130.5526713629407
gpt_simulation,9,35,130.5526713629407
gpt_simulation,9,36,130.5526713629407
gpt_simulation,9,37,130.5526713629407
gpt_simulation,9,38,130.5526713629407
gpt_simulation,9,39,130.5526713629407
gpt_simulation,9,40,130.5526713629407
gpt_simulation,9,41,130.5526713629407
gpt_simulation,9,42,130.5526713629407
gpt_simulation,9,43,130.5526713629407
gpt_simulation,9,44,130.5526713629407
gpt_simulation,9,45,130.5526713629407
gpt_simulation,9,46,130.5526713629407
gpt_simulation,9,47,130.5526713629407
gpt_simulation,9,48,130.5526713629407
gpt_simulation,9,49,130.5526713629407
gpt_simulation,9,50,130.5526713629407
gpt_laboratory,0,0,2186.2005854907275
gpt_laboratory,0,1,1878.1568092148216
gpt_laboratory,0,2,1878.1568092148216
gpt_laboratory,0,3,1878.1568092148216
gpt_laboratory,0,4,1878.1568092148216
gpt_laboratory,0,5,1878.1568092148216
gpt_laboratory,0,6,1878.1568092148216
gpt_laboratory,0,7,1878.1568092148216
gpt_laboratory,0,8,1878.1568092148216
gpt_laboratory,0,9,826.3613011268134
gpt_laboratory,0,10,826.3613011268134
gpt_laboratory,0,11,826.3613011268134
gpt_laboratory,0,12,148.03040228277433
gpt_laboratory,0,13,148.03040228277433
gpt_laboratory,0,14,148.03040228277433
gpt_laboratory,0,15,148.03040228277433
gpt_laboratory,0,16,148.03040228277433
gpt_laboratory,0,17,148.03040228277433
gpt_laboratory,0,18,148.03040228277433
gpt_laboratory,0,19,148.03040228277433
gpt_laboratory,0,20,148.03040228277433
gpt_laboratory,0,21,148.03040228277433
gpt_laboratory,0,22,148.03040228277433
gpt_laboratory,0,23,148.03040228277433
gpt_laboratory,0,24,148.03040228277433
gpt_laboratory,0,25,148.03040228277433
gpt_laboratory,0,26,148.03040228277433
gpt_laboratory,0,27,148.03040228277433
gpt_laboratory,0,28,148.03040228277433
gpt_laboratory,0,29,148.03040228277433
gpt_laboratory,0,30,148.03040228277433
gpt_laboratory,0,31,148.03040228277433
gpt_laboratory,0,32,148.03040228277433
gpt_laboratory,0,33,148.03040228277433
gpt_laboratory,0,34,148.03040228277433
gpt_laboratory,0,35,148.03040228277433
gpt_laboratory,0,36,148.03040228277433
gpt_laboratory,0,37,148.03040228277433
gpt_laboratory,0,38,148.03040228277433
gpt_laboratory,0,39,148.03040228277433
gpt_laboratory,0,40,148.03040228277433
gpt_laboratory,0,41,148.03040228277433
gpt_laboratory,0,42,148.03040228277433
gpt_laboratory,0,43,148.03040228277433
gpt_laboratory,0,44,148.03040228277433
gpt_laboratory,0,45,148.03040228277433
gpt_laboratory,0,46,148.03040228277433
gpt_laboratory,0,47,148.03040228277433
gpt_laboratory,0,48,148.03040228277433
gpt_laboratory,0,49,148.03040228277433
gpt_laboratory,0,50,148.03040228277433
gpt_laboratory,1,0,3375.000148148145
gpt_laboratory,1,1,3375.000148148145
gpt_laboratory,1,2,1417.9654438666691
gpt_laboratory,1,3,1417.9654438666691
gpt_laboratory,1,4,475.0010526304126
gpt_laboratory,1,5,475.0010526304126
gpt_laboratory,1,6,166.57130605239308
gpt_laboratory,1,7,166.57130605239308
gpt_laboratory,1,8,166.57130605239308
gpt_laboratory,1,9,166.57130605239308
gpt_laboratory,1,10,166.57130605239308
gpt_laboratory,1,11,166.57130605239308
gpt_laboratory,1,12,166.57130605239308
gpt_laboratory,1,13,166.57130605239308
gpt_laboratory,1,14,166.57130605239308
gpt_laboratory,1,15,166.57130605239308
gpt_laboratory,1,16,166.57130605239308
gpt_laboratory,1,17,166.57130605239308
gpt_laboratory,1,18,166.57130605239308
gpt_laboratory,1,19,166.57130605239308
gpt_laboratory,1,20,166.57130605239308
gpt_laboratory,1,21,166.57130605239308
gpt_laboratory,1,22,166.57130605239308
gpt_laboratory,1,23,166.57130605239308
gpt_laboratory,1,24,166.57130605239308
gpt_laboratory,1,25,166.57130605239308
gpt_laboratory,1,26,166.57130605239308
gpt_laboratory,1,27,166.57130605239308
gpt_laboratory,1,28,166.57130605239308
gpt_laboratory,1,29,166.57130605239308
gpt_laboratory,1,30,166.57130605239308
gpt_laboratory,1,31,166.57130605239308
gpt_laboratory,1,32,166.57130605239308
gpt_laboratory,1,33,166.57130605239308
gpt_laboratory,1,34,166.57130605239308
gpt_laboratory,1,35,166.57130605239308
gpt_laboratory,1,36,166.57130605239308
gpt_laboratory,1,37,166.57130605239308
gpt_laboratory,1,38,166.57130605239308
gpt_laboratory,1,39,166.57130605239308
gpt_laboratory,1,40,166.57130605239308
gpt_laboratory,1,41,166.57130605239308
gpt_laboratory,1,42,166.57130605239308
gpt_laboratory,1,43,166.57130605239308
gpt_laboratory,1,44,166.57130605239308
gpt_laboratory,1,45,166.57130605239308
gpt_laboratory,1,46,166.57130605239308
gpt_laboratory,1,47,166.57130605239308
gpt_laboratory,1,48,166.57130605239308
gpt_laboratory,1,49,166.57130605239308
gpt_laboratory,1,50,166.57130605239308
gpt_laboratory,2,0,1979.1071219112926
gpt_laboratory,2,1,656.4030773846205
gpt_laboratory,2,2,656.4030773846205
gpt_laboratory,2,3,656.4030773846205
gpt_laboratory,2,4,656.4030773846205
gpt_laboratory,2,5,656.4030773846205
gpt_laboratory,2,6,656.4030773846205
gpt_laboratory,2,7,656.4030773846205
gpt_laboratory,2,8,656.4030773846205
gpt_laboratory,2,9,656.4030773846205
gpt_laboratory,2,10,656.4030773846205
gpt_laboratory,2,11,656.4030773846205
gpt_laboratory,2,12,656.4030773846205
gpt_laboratory,2,13,656.4030773846205
gpt_laboratory,2,14,656.4030773846205
gpt_laboratory,2,15,656.4030773846205
gpt_laboratory,2,16,656.4030773846205
gpt_laboratory,2,17,235.0914715594762
gpt_laboratory,2,18,235.0914715594762
gpt_laboratory,2,19,235.0914715594762
gpt_laboratory,2,20,235.0914715594762
gpt_laboratory,2,21,235.0914715594762
gpt_laboratory,2,22,235.0914715594762
gpt_laboratory,2,23,235.0914715594762
gpt_laboratory,2,24,235.0914715594762
gpt_laboratory,2,25,235.0914715594762
gpt_laboratory,2,26,235.0914715594762
gpt_laboratory,2,27,235.0914715594762
gpt_laboratory,2,28,235.0914715594762
gpt_laboratory,2,29,235.0914715594762
gpt_laboratory,2,30,235.0914715594762
gpt_laboratory,2,31,235.0914715594762
gpt_laboratory,2,32,235.0914715594762
gpt_laboratory,2,33,235.0914715594762
gpt_laboratory,2,34,235.0914715594762
gpt_laboratory,2,35,235.0914715594762
gpt_laboratory,2,36,235.0914715594762
gpt_laboratory,2,37,235.0914715594762
gpt_laboratory,2,38,235.0914715594762
gpt_laboratory,2,39,235.0914715594762
gpt_laboratory,2,40,235.0914715594762
gpt_laboratory,2,41,235.0914715594762
gpt_laboratory,2,42,235.0914715594762
gpt_laboratory,2,43,235.0914715594762
gpt_laboratory,2,44,235.0914715594762
gpt_laboratory,2,45,235.0914715594762
gpt_laboratory,2,46,235.0914715594762
gpt_laboratory,2,47,235.0914715594762
gpt_laboratory,2,48,235.0914715594762
gpt_laboratory,2,49,235.0914715594762
gpt_laboratory,2,50,235.0914715594762
gpt_laboratory,3,0,2313.4757400932476
gpt_laboratory,3,1,2313.4757400932476
gpt_laboratory,3,2,2313.4757400932476
gpt_laboratory,3,3,2313.4757400932476
gpt_laboratory,3,4,793.8324760300501
gpt_laboratory,3,5,793.8324760300501
gpt_laboratory,3,6,793.8324760300501
gpt_laboratory,3,7,793.8324760300501
gpt_laboratory,3,8,793.8324760300501
gpt_laboratory,3,9,721.2835780745323
gpt_laboratory,3,10,139.46325680981354
gpt_laboratory,3,11,139.46325680981354
gpt_laboratory,3,12,139.46325680981354
gpt_laboratory,3,13,139.46325680981354
gpt_laboratory,3,14,139.46325680981354
gpt_laboratory,3,15,139.46325680981354
gpt_laboratory,3,16,139.46325680981354
gpt_laboratory,3,17,139.46325680981354
gpt_laboratory,3,18,139.46325680981354
gpt_laboratory,3,19,139.46325680981354
gpt_laboratory,3,20,139.46325680981354
gpt_laboratory,3,21,139.46325680981354
gpt_laboratory,3,22,139.46325680981354
gpt_laboratory,3,23,139.46325680981354
gpt_laboratory,3,24,139.46325680981354
gpt_laboratory,3,25,139.46325680981354
gpt_laboratory,3,26,139.46325680981354
gpt_laboratory,3,27,139.46325680981354
gpt_laboratory,3,28,139.46325680981354
gpt_laboratory,3,29,139.46325680981354
gpt_laboratory,3,30,139.46325680981354
gpt_laboratory,3,31,139.46325680981354
gpt_laboratory,3,32,139.46325680981354
gpt_laboratory,3,33,139.46325680981354
gpt_laboratory,3,34,139.46325680981354
gpt_laboratory,3,35,139.46325680981354
gpt_laboratory,3,36,139.46325680981354
gpt_laboratory,3,37,139.46325680981354
gpt_laboratory,3,38,139.46325680981354
gpt_laboratory,3,39,139.46325680981354
gpt_laboratory,3,40,139.46325680981354
gpt_laboratory,3,41,139.46325680981354
gpt_laboratory,3,42,139.46325680981354
gpt_laboratory,3,43,139.46325680981354
gpt_laboratory,3,44,139.46325680981354
gpt_laboratory,3,45,139.46325680981354
gpt_laboratory,3,46,139.46325680981354
gpt_laboratory,3,47,139.46325680981354
gpt_laboratory,3,48,139.46325680981354
gpt_laboratory,3,49,139.46325680981354
gpt_laboratory,3,50,139.46325680981354
gpt_laboratory,4,0,3626.1683634381898
gpt_laboratory,4,1,2685.3485807246702
gpt_laboratory,4,2,1859.8647800310646
gpt_laboratory,4,3,1859.8647800310646
gpt_laboratory,4,4,1859.8647800310646
gpt_laboratory,4,5,1420.4425366765106
gpt_laboratory,4,6,1420.4425366765106
gpt_laboratory,4,7,1067.0787224942685
gpt_laboratory,4,8,939.4982703549805
gpt_laboratory,4,9,127.81627439414747
gpt_laboratory,4,10,127.81627439414747
gpt_laboratory,4,11,127.81627439414747
gpt_laboratory,4,12,127.81627439414747
gpt_laboratory,4,13,127.81627439414747
gpt_laboratory,4,14,127.81627439414747
gpt_laboratory,4,15,127.81627439414747
gpt_laboratory,4,16,127.81627439414747
gpt_laboratory,4,17,127.81627439414747
gpt_laboratory,4,18,127.81627439414747
gpt_laboratory,4,19,127.81627439414747
gpt_laboratory,4,20,127.81627439414747
gpt_laboratory,4,21,127.81627439414747
gpt_laboratory,4,22,127.81627439414747
gpt_laboratory,4,23,127.81627439414747
gpt_laboratory,4,24,127.81627439414747
gpt_laboratory,4,25,127.81627439414747
gpt_laboratory,4,26,127.81627439414747
gpt_laboratory,4,27,127.81627439414747
gpt_laboratory,4,28,127.81627439414747
gpt_laboratory,4,29,127.81627439414747
gpt_laboratory,4,30,127.81627439414747
gpt_laboratory,4,31,127.81627439414747
gpt_laboratory,4,32,127.81627439414747
gpt_laboratory,4,33,127.81627439414747
gpt_laboratory,4,34,127.81627439414747
gpt_laboratory,4,35,127.81627439414747
gpt_laboratory,4,36,127.81627439414747
gpt_laboratory,4,37,127.81627439414747
gpt_laboratory,4,38,127.81627439414747
gpt_laboratory,4,39,127.81627439414747
gpt_laboratory,4,40,127.81627439414747
gpt_laboratory,4,41,127.81627439414747
gpt_laboratory,4,42,127.81627439414747
gpt_laboratory,4,43,127.81627439414747
gpt_laboratory,4,44,127.81627439414747
gpt_laboratory,4,45,127.81627439414747
gpt_laboratory,4,46,127.81627439414747
gpt_laboratory,4,47,127.81627439414747
gpt_laboratory,4,48,127.81627439414747
gpt_laboratory,4,49,127.81627439414747
gpt_laboratory,4,50,127.81627439414747
gpt_laboratory,5,0,2132.6312386345653
gpt_laboratory,5,1,1802.253034398888
gpt_laboratory,5,2,1802.253034398888
gpt_laboratory,5,3,1802.253034398888
gpt_laboratory,5,4,1802.253034398888
gpt_laboratory,5,5,1802.253034398888
gpt_laboratory,5,6,1802.253034398888
gpt_laboratory,5,7,650.0123075757874
gpt_laboratory,5,8,650.0123075757874
gpt_laboratory,5,9,650.0123075757874
gpt_laboratory,5,10,650.0123075757874
gpt_laboratory,5,11,230.0347799790284
gpt_laboratory,5,12,230.0347799790284
gpt_laboratory,5,13,230.0347799790284
gpt_laboratory,5,14,230.0347799790284
gpt_laboratory,5,15,230.0347799790284
gpt_laboratory,5,16,230.0347799790284
gpt_laboratory,5,17,230.0347799790284
gpt_laboratory,5,18,230.0347799790284
gpt_laboratory,5,19,230.0347799790284
gpt_laboratory,5,20,230.0347799790284
gpt_laboratory,5,21,230.0347799790284
gpt_laboratory,5,22,230.0347799790284
gpt_laboratory,5,23,230.0347799790284
gpt_laboratory,5,24,230.0347799790284
gpt_laboratory,5,25,230.0347799790284
gpt_laboratory,5,26,230.0347799790284
gpt_laboratory,5,27,230.0347799790284
gpt_laboratory,5,28,230.0347799790284
gpt_laboratory,5,29,230.0347799790284
gpt_laboratory,5,30,230.0347799790284
gpt_laboratory,5,31,230.0347799790284
gpt_laboratory,5,32,230.0347799790284
gpt_laboratory,5,33,230.0347799790284
gpt_laboratory,5,34,230.0347799790284
gpt_laboratory,5,35,230.0347799790284
gpt_laboratory,5,36,230.0347799790284
gpt_laboratory,5,37,230.0347799790284
gpt_laboratory,5,38,230.0347799790284
gpt_laboratory,5,39,230.0347799790284
gpt_laboratory,5,40,230.0347799790284
gpt_laboratory,5,41,230.0347799790284
gpt_laboratory,5,42,230.0347799790284
gpt_laboratory,5,43,230.0347799790284
gpt_laboratory,5,44,230.0347799790284
gpt_laboratory,5,45,230.0347799790284
gpt_laboratory,5,46,230.0347799790284
gpt_laboratory,5,47,230.0347799790284
gpt_laboratory,5,48,230.0347799790284
gpt_laboratory,5,49,230.0347799790284
gpt_laboratory,5,50,230.0347799790284
gpt_laboratory,6,0,3185.50780881165
gpt_laboratory,6,1,2436.279951072947
gpt_laboratory,6,2,1873.8890041835455
gpt_laboratory,6,3,1873.8890041835455
gpt_laboratory,6,4,670.3431956841212
gpt_laboratory,6,5,670.3431956841212
gpt_laboratory,6,6,670.3431956841212
gpt_laboratory,6,7,670.3431956841212
gpt_laboratory,6,8,287.3673607075097
gpt_laboratory,6,9,287.3673607075097
gpt_laboratory,6,10,287.3673607075097
gpt_laboratory,6,11,287.3673607075097
gpt_laboratory,6,12,287.3673607075097
gpt_laboratory,6,13,287.3673607075097
gpt_laboratory,6,14,287.3673607075097
gpt_laboratory,6,15,287.3673607075097
gpt_laboratory,6,16,287.3673607075097
gpt_laboratory,6,17,287.3673607075097
gpt_laboratory,6,18,287.3673607075097
gpt_laboratory,6,19,287.3673607075097
gpt_laboratory,6,20,287.3673607075097
gpt_laboratory,6,21,287.3673607075097
gpt_laboratory,6,22,287.3673607075097
gpt_laboratory,6,23,287.3673607075097
gpt_laboratory,6,24,287.3673607075097
gpt_laboratory,6,25,287.3673607075097
gpt_laboratory,6,26,287.3673607075097
gpt_laboratory,6,27,287.3673607075097
gpt_laboratory,6,28,287.3673607075097
gpt_laboratory,6,29,287.3673607075097
gpt_laboratory,6,30,287.3673607075097
gpt_laboratory,6,31,287.3673607075097
gpt_laboratory,6,32,287.3673607075097
gpt_laboratory,6,33,287.3673607075097
gpt_laboratory,6,34,287.3673607075097
gpt_laboratory,6,35,287.3673607075097
gpt_laboratory,6,36,287.3673607075097
gpt_laboratory,6,37,287.3673607075097
gpt_laboratory,6,38,287.3673607075097
gpt_laboratory,6,39,287.3673607075097
gpt_laboratory,6,40,287.3673607075097
gpt_laboratory,6,41,287.3673607075097
gpt_laboratory,6,42,287.3673607075097
gpt_laboratory,6,43,287.3673607075097
gpt_laboratory,6,44,287.3673607075097
gpt_laboratory,6,45,287.3673607075097
gpt_laboratory,6,46,287.3673607075097
gpt_laboratory,6,47,287.3673607075097
gpt_laboratory,6,48,287.3673607075097
gpt_laboratory,6,49,287.3673607075097
gpt_laboratory,6,50,287.3673607075097
gpt_laboratory,7,0,1843.9023835333583
gpt_laboratory,7,1,1843.9023835333583
gpt_laboratory,7,2,1843.9023835333583
gpt_laboratory,7,3,1843.6583197545037
gpt_laboratory,7,4,1843.6583197545037
gpt_laboratory,7,5,1191.2497639034393
gpt_laboratory,7,6,1191.2497639034393
gpt_laboratory,7,7,776.5796803934545
gpt_laboratory,7,8,776.5796803934545
gpt_laboratory,7,9,737.3710056681101
gpt_laboratory,7,10,737.3710056681101
gpt_laboratory,7,11,131.20975573485381
gpt_laboratory,7,12,131.20975573485381
gpt_laboratory,7,13,131.20975573485381
gpt_laboratory,7,14,131.20975573485381
gpt_laboratory,7,15,131.20975573485381
gpt_laboratory,7,16,131.20975573485381
gpt_laboratory,7,17,131.20975573485381
gpt_laboratory,7,18,131.20975573485381
gpt_laboratory,7,19,131.20975573485381
gpt_laboratory,7,20,131.20975573485381
gpt_laboratory,7,21,131.20975573485381
gpt_laboratory,7,22,131.20975573485381
gpt_laboratory,7,23,131.20975573485381
gpt_laboratory,7,24,131.20975573485381
gpt_laboratory,7,25,131.20975573485381
gpt_laboratory,7,26,131.20975573485381
gpt_laboratory,7,27,131.20975573485381
gpt_laboratory,7,28,131.20975573485381
gpt_laboratory,7,29,131.20975573485381
gpt_laboratory,7,30,131.20975573485381
gpt_laboratory,7,31,131.20975573485381
gpt_laboratory,7,32,131.20975573485381
gpt_laboratory,7,33,131.20975573485381
gpt_laboratory,7,34,131.20975573485381
gpt_laboratory,7,35,131.20975573485381
gpt_laboratory,7,36,131.20975573485381
gpt_laboratory,7,37,131.20975573485381
gpt_laboratory,7,38,131.20975573485381
gpt_laboratory,7,39,131.20975573485381
gpt_laboratory,7,40,131.20975573485381
gpt_laboratory,7,41,131.20975573485381
gpt_laboratory,7,42,131.20975573485381
gpt_laboratory,7,43,131.20975573485381
gpt_laboratory,7,44,131.20975573485381
gpt_laboratory,7,45,131.20975573485381
gpt_laboratory,7,46,131.20975573485381
gpt_laboratory,7,47,131.20975573485381
gpt_laboratory,7,48,131.20975573485381
gpt_laboratory,7,49,131.20975573485381
gpt_laboratory,7,50,131.20975573485381
gpt_laboratory,8,0,2943.0304109879667
gpt_laboratory,8,1,1448.2499784222337
gpt_laboratory,8,2,182.8332573685652
gpt_laboratory,8,3,182.8332573685652
gpt_laboratory,8,4,182.8332573685652
gpt_laboratory,8,5,182.8332573685652
gpt_laboratory,8,6,182.8332573685652
gpt_laboratory,8,7,182.8332573685652
gpt_laboratory,8,8,182.8332573685652
gpt_laboratory,8,9,182.8332573685652
gpt_laboratory,8,10,182.8332573685652
gpt_laboratory,8,11,182.8332573685652
gpt_laboratory,8,12,182.8332573685652
gpt_laboratory,8,13,100.26464980241042
gpt_laboratory,8,14,100.26464980241042
gpt_laboratory,8,15,100.26464980241042
gpt_laboratory,8,16,100.26464980241042
gpt_laboratory,8,17,100.26464980241042
gpt_laboratory,8,18,100.26464980241042
gpt_laboratory,8,19,100.26464980241042
gpt_laboratory,8,20,100.26464980241042
gpt_laboratory,8,21,100.26464980241042
gpt_laboratory,8,22,100.26464980241042
gpt_laboratory,8,23,100.26464980241042
gpt_laboratory,8,24,100.26464980241042
gpt_laboratory,8,25,100.26464980241042
gpt_laboratory,8,26,100.26464980241042
gpt_laboratory,8,27,100.26464980241042
gpt_laboratory,8,28,100.26464980241042
gpt_laboratory,8,29,100.26464980241042
gpt_laboratory,8,30,100.26464980241042
gpt_laboratory,8,31,100.26464980241042
gpt_laboratory,8,32,100.26464980241042
gpt_laboratory,8,33,100.26464980241042
gpt_laboratory,8,34,100.26464980241042
gpt_laboratory,8,35,100.26464980241042
gpt_laboratory,8,36,100.26464980241042
gpt_laboratory,8,37,100.26464980241042
gpt_laboratory,8,38,100.26464980241042
gpt_laboratory,8,39,100.26464980241042
gpt_laboratory,8,40,100.26464980241042
gpt_laboratory,8,41,100.26464980241042
gpt_laboratory,8,42,100.26464980241042
gpt_laboratory,8,43,100.26464980241042
gpt_laboratory,8,44,100.26464980241042
gpt_laboratory,8,45,100.26464980241042
gpt_laboratory,8,46,100.26464980241042
gpt_laboratory,8,47,100.26464980241042
gpt_laboratory,8,48,100.26464980241042
gpt_laboratory,8,49,100.26464980241042
gpt_laboratory,8,50,100.26464980241042
gpt_laboratory,9,0,4095.0877890467746
gpt_laboratory,9,1,3223.9330017852417
gpt_laboratory,9,2,3223.9330017852417
gpt_laboratory,9,3,3223.9330017852417
gpt_laboratory,9,4,3223.9330017852417
gpt_laboratory,9,5,531.9248067161373
gpt_laboratory,9,6,531.9248067161373
gpt_laboratory,9,7,531.9248067161373
gpt_laboratory,9,8,531.9248067161373
gpt_laboratory,9,9,531.9248067161373
gpt_laboratory,9,10,531.9248067161373
gpt_laboratory,9,11,531.9248067161373
gpt_laboratory,9,12,531.9248067161373
gpt_laboratory,9,13,531.9248067161373
gpt_laboratory,9,14,370.81531791445724
gpt_laboratory,9,15,370.81531791445724
gpt_laboratory,9,16,265.1490147068248
gpt_laboratory,9,17,265.1490147068248
gpt_laboratory,9,18,265.1490147068248
gpt_laboratory,9,19,265.1490147068248
gpt_laboratory,9,20,265.1490147068248
gpt_laboratory,9,21,265.1490147068248
gpt_laboratory,9,22,265.1490147068248
gpt_laboratory,9,23,265.1490147068248
gpt_laboratory,9,24,265.1490147068248
gpt_laboratory,9,25,265.1490147068248
gpt_laboratory,9,26,265.1490147068248
gpt_laboratory,9,27,265.1490147068248
gpt_laboratory,9,28,265.1490147068248
gpt_laboratory,9,29,265.1490147068248
gpt_laboratory,9,30,265.1490147068248
gpt_laboratory,9,31,265.1490147068248
gpt_laboratory,9,32,265.1490147068248
gpt_laboratory,9,33,265.1490147068248
gpt_laboratory,9,34,265.1490147068248
gpt_laboratory,9,35,265.1490147068248
gpt_laboratory,9,36,265.1490147068248
gpt_laboratory,9,37,265.1490147068248
gpt_laboratory,9,38,265.1490147068248
gpt_laboratory,9,39,265.1490147068248
gpt_laboratory,9,40,265.1490147068248
gpt_laboratory,9,41,265.1490147068248
gpt_laboratory,9,42,265.1490147068248
gpt_laboratory,9,43,265.1490147068248
gpt_laboratory,9,44,265.1490147068248
gpt_laboratory,9,45,265.1490147068248
gpt_laboratory,9,46,265.1490147068248
gpt_laboratory,9,47,265.1490147068248
gpt_laboratory,9,48,265.1490147068248
gpt_laboratory,9,49,265.1490147068248
gpt_laboratory,9,50,265.1490147068248
bayes_simulation,0,0,2186.2005854907275
bayes_simulation,0,1,2186.2005854907275
bayes_simulation,0,2,2186.2005854907275
bayes_simulation,0,3,2186.2005854907275
bayes_simulation,0,4,2184.6374985337957
bayes_simulation,0,5,837.2156233611506
bayes_simulation,0,6,837.2156233611506
bayes_simulation,0,7,707.0537461890715
bayes_simulation,0,8,48.05205510693585
bayes_simulation,0,9,48.05205510693585
bayes_simulation,0,10,48.05205510693585
bayes_simulation,0,11,48.05205510693585
bayes_simulation,0,12,48.05205510693585
bayes_simulation,0,13,48.05205510693585
bayes_simulation,0,14,48.05205510693585
bayes_simulation,0,15,48.05205510693585
bayes_simulation,0,16,48.05205510693585
bayes_simulation,0,17,48.05205510693585
bayes_simulation,0,18,48.05205510693585
bayes_simulation,0,19,48.05205510693585
bayes_simulation,0,20,48.05205510693585
bayes_simulation,0,21,48.05205510693585
bayes_simulation,0,22,48.05205510693585
bayes_simulation,0,23,48.05205510693585
bayes_simulation,0,24,48.05205510693585
bayes_simulation,0,25,48.05205510693585
bayes_simulation,0,26,48.05205510693585
bayes_simulation,0,27,48.05205510693585
bayes_simulation,0,28,48.05205510693585
bayes_simulation,0,29,48.05205510693585
bayes_simulation,0,30,48.05205510693585
bayes_simulation,0,31,48.05205510693585
bayes_simulation,0,32,48.05205510693585
bayes_simulation,0,33,48.05205510693585
bayes_simulation,0,34,48.05205510693585
bayes_simulation,0,35,48.05205510693585
bayes_simulation,0,36,48.05205510693585
bayes_simulation,0,37,48.05205510693585
bayes_simulation,0,38,48.05205510693585
bayes_simulation,0,39,48.05205510693585
bayes_simulation,0,40,48.05205510693585
bayes_simulation,0,41,48.05205510693585
bayes_simulation,0,42,48.05205510693585
bayes_simulation,0,43,39.84971769034255
bayes_simulation,0,44,39.84971769034255
bayes_simulation,0,45,39.84971769034255
bayes_simulation,0,46,39.84971769034255
bayes_simulation,0,47,15.524174696260024
bayes_simulation,0,48,15.524174696260024
bayes_simulation,0,49,15.524174696260024
bayes_simulation,0,50,15.524174696260024
bayes_simulation,1,0,3375.000148148145
bayes_simulation,1,1,3375.000148148145
bayes_simulation,1,2,3375.000148148145
bayes_simulation,1,3,3375.000148148145
bayes_simulation,1,4,2649.7475351436788
bayes_simulation,1,5,2633.2779951991397
bayes_simulation,1,6,643.6536335638913
bayes_simulation,1,7,643.6536335638913
bayes_simulation,1,8,643.6536335638913
bayes_simulation,1,9,73.49829930005184
bayes_simulation,1,10,73.49829930005184
bayes_simulation,1,11,73.49829930005184
bayes_simulation,1,12,73.49829930005184
bayes_simulation,1,13,73.49829930005184
bayes_simulation,1,14,73.49829930005184
bayes_simulation,1,15,73.49829930005184
bayes_simulation,1,16,73.49829930005184
bayes_simulation,1,17,73.49829930005184
bayes_simulation,1,18,73.49829930005184
bayes_simulation,1,19,73.49829930005184
bayes_simulation,1,20,73.49829930005184
bayes_simulation,1,21,73.49829930005184
bayes_simulation,1,22,73.49829930005184
bayes_simulation,1,23,36.61966684720111
bayes_simulation,1,24,36.61966684720111
bayes_simulation,1,25,36.61966684720111
bayes_simulation,1,26,36.61966684720111
bayes_simulation,1,27,36.61966684720111
bayes_simulation,1,28,36.61966684720111
bayes_simulation,1,29,36.61966684720111
bayes_simulation,1,30,36.61966684720111
bayes_simulation,1,31,36.61966684720111
bayes_simulation,1,32,36.61966684720111
bayes_simulation,1,33,36.61966684720111
bayes_simulation,1,34,36.61966684720111
bayes_simulation,1,35,36.61966684720111
bayes_simulation,1,36,36.61966684720111
bayes_simulation,1,37,36.61966684720111
bayes_simulation,1,38,36.61966684720111
bayes_simulation,1,39,36.61966684720111
bayes_simulation,1,40,36.61966684720111
bayes_simulation,1,41,36.61966684720111
bayes_simulation,1,42,36.61966684720111
bayes_simulation,1,43,36.61966684720111
bayes_simulation,1,44,36.61966684720111
bayes_simulation,1,45,36.61966684720111
bayes_simulation,1,46,36.61966684720111
bayes_simulation,1,47,36.61966684720111
bayes_simulation,1,48,36.61966684720111
bayes_simulation,1,49,36.61966684720111
bayes_simulation,1,50,36.61966684720111
bayes_simulation,2,0,1979.1071219112926
bayes_simulation,2,1,1979.1071219112926
bayes_simulation,2,2,1979.1071219112926
bayes_simulation,2,3,1907.4223444219165
bayes_simulation,2,4,1907.4223444219165
bayes_simulation,2,5,304.2367499169027
bayes_simulation,2,6,304.2367499169027
bayes_simulation,2,7,304.2367499169027
bayes_simulation,2,8,304.2367499169027
bayes_simulation,2,9,304.2367499169027
bayes_simulation,2,10,304.2367499169027
bayes_simulation,2,11,304.2367499169027
bayes_simulation,2,12,168.34488409215172
bayes_simulation,2,13,168.34488409215172
bayes_simulation,2,14,168.34488409215172
bayes_simulation,2,15,168.34488409215172
bayes_simulation,2,16,168.34488409215172
bayes_simulation,2,17,168.34488409215172
bayes_simulation,2,18,168.34488409215172
bayes_simulation,2,19,168.34488409215172
bayes_simulation,2,20,168.34488409215172
bayes_simulation,2,21,168.34488409215172
bayes_simulation,2,22,168.34488409215172
bayes_simulation,2,23,168.34488409215172
bayes_simulation,2,24,168.34488409215172
bayes_simulation,2,25,51.35172830587107
bayes_simulation,2,26,51.35172830587107
bayes_simulation,2,27,51.35172830587107
bayes_simulation,2,28,51.35172830587107
bayes_simulation,2,29,51.35172830587107
bayes_simulation,2,30,51.35172830587107
bayes_simulation,2,31,51.35172830587107
bayes_simulation,2,32,51.35172830587107
bayes_simulation,2,33,51.35172830587107
bayes_simulation,2,34,51.35172830587107
bayes_simulation,2,35,51.35172830587107
bayes_simulation,2,36,51.35172830587107
bayes_simulation,2,37,51.35172830587107
bayes_simulation,2,38,51.35172830587107
bayes_simulation,2,39,51.35172830587107
bayes_simulation,2,40,51.35172830587107
bayes_simulation,2,41,51.35172830587107
bayes_simulation,2,42,51.35172830587107
bayes_simulation,2,43,51.35172830587107
bayes_simulation,2,44,51.35172830587107
bayes_simulation,2,45,51.35172830587107
bayes_simulation,2,46,51.35172830587107
bayes_simulation,2,47,51.35172830587107
bayes_simulation,2,48,18.439088914585774
bayes_simulation,2,49,18.439088914585774
bayes_simulation,2,50,18.439088914585774
bayes_simulation,3,0,2313.4757400932476
bayes_simulation,3,1,2313.4757400932476
bayes_simulation,3,2,2313.4757400932476
bayes_simulation,3,3,2313.4757400932476
bayes_simulation,3,4,2211.041835877377
bayes_simulation,3,5,806.8766944211488
bayes_simulation,3,6,806.8766944211488
bayes_simulation,3,7,805.314845262398
bayes_simulation,3,8,380.8017857100988
bayes_simulation,3,9,380.8017857100988
bayes_simulation,3,10,380.8017857100988
bayes_simulation,3,11,380.8017857100988
bayes_simulation,3,12,380.34852438257207
bayes_simulation,3,13,275.42694131112154
bayes_simulation,3,14,275.42694131112154
bayes_simulation,3,15,275.42694131112154
bayes_simulation,3,16,275.42694131112154
bayes_simulation,3,17,275.42694131112154
bayes_simulation,3,18,34.0147027033899
bayes_simulation,3,19,34.0147027033899
bayes_simulation,3,20,34.0147027033899
bayes_simulation,3,21,34.0147027033899
bayes_simulation,3,22,34.0147027033899
bayes_simulation,3,23,34.0147027033899
bayes_simulation,3,24,34.0147027033899
bayes_simulation,3,25,34.0147027033899
bayes_simulation,3,26,34.0147027033899
bayes_simulation,3,27,34.0147027033899
bayes_simulation,3,28,34.0147027033899
bayes_simulation,3,29,34.0147027033899
bayes_simulation,3,30,34.0147027033899
bayes_simulation,3,31,34.0147027033899
bayes_simulation,3,32,34.0147027033899
bayes_simulation,3,33,34.0147027033899
bayes_simulation,3,34,34.0147027033899
bayes_simulation,3,35,34.0147027033899
bayes_simulation,3,36,34.0147027033899
bayes_simulation,3,37,34.0147027033899
bayes_simulation,3,38,34.0147027033899
bayes_simulation,3,39,34.0147027033899
bayes_simulation,3,40,34.0147027033899
bayes_simulation,3,41,34.0147027033899
bayes_simulation,3,42,34.0147027033899
bayes_simulation,3,43,34.0147027033899
bayes_simulation,3,44,34.0147027033899
bayes_simulation,3,45,34.0147027033899
bayes_simulation,3,46,34.0147027033899
bayes_simulation,3,47,34.0147027033899
bayes_simulation,3,48,34.0147027033899
bayes_simulation,3,49,34.0147027033899
bayes_simulation,3,50,34.0147027033899
bayes_simulation,4,0,3626.1683634381898
bayes_simulation,4,1,1316.5959896642553
bayes_simulation,4,2,1316.5959896642553
bayes_simulation,4,3,1075.9000882981654
bayes_simulation,4,4,1075.9000882981654
bayes_simulation,4,5,376.25789028271555
bayes_simulation,4,6,376.25789028271555
bayes_simulation,4,7,376.25789028271555
bayes_simulation,4,8,286.22019495486336
bayes_simulation,4,9,286.22019495486336
bayes_simulation,4,10,286.22019495486336
bayes_simulation,4,11,286.22019495486336
bayes_simulation,4,12,286.22019495486336
bayes_simulation,4,13,204.70710783946902
bayes_simulation,4,14,204.70710783946902
bayes_simulation,4,15,204.70710783946902
bayes_simulation,4,16,204.70710783946902
bayes_simulation,4,17,204.70710783946902
bayes_simulation,4,18,204.70710783946902
bayes_simulation,4,19,204.70710783946902
bayes_simulation,4,20,21.95449840010015
bayes_simulation,4,21,21.95449840010015
bayes_simulation,4,22,21.95449840010015
bayes_simulation,4,23,21.95449840010015
bayes_simulation,4,24,21.95449840010015
bayes_simulation,4,25,21.95449840010015
bayes_simulation,4,26,21.95449840010015
bayes_simulation,4,27,21.95449840010015
bayes_simulation,4,28,21.95449840010015
bayes_simulation,4,29,21.95449840010015
bayes_simulation,4,30,21.95449840010015
bayes_simulation,4,31,21.95449840010015
bayes_simulation,4,32,21.95449840010015
bayes_simulation,4,33,21.95449840010015
bayes_simulation,4,34,21.95449840010015
bayes_simulation,4,35,21.95449840010015
bayes_simulation,4,36,21.95449840010015
bayes_simulation,4,37,21.95449840010015
bayes_simulation,4,38,21.95449840010015
bayes_simulation,4,39,21.95449840010015
bayes_simulation,4,40,21.95449840010015
bayes_simulation,4,41,21.95449840010015
bayes_simulation,4,42,21.95449840010015
bayes_simulation,4,43,21.95449840010015
bayes_simulation,4,44,21.95449840010015
bayes_simulation,4,45,21.95449840010015
bayes_simulation,4,46,21.95449840010015
bayes_simulation,4,47,21.95449840010015
bayes_simulation,4,48,21.95449840010015
bayes_simulation,4,49,21.95449840010015
bayes_simulation,4,50,21.95449840010015
bayes_simulation,5,0,2132.6312386345653
bayes_simulation,5,1,2132.6312386345653
bayes_simulation,5,2,1297.6166614220087
bayes_simulation,5,3,1086.7313375439212
bayes_simulation,5,4,1076.8904308238605
bayes_simulation,5,5,226.59214461229675
bayes_simulation,5,6,226.59214461229675
bayes_simulation,5,7,226.59214461229675
bayes_simulation,5,8,226.59214461229675
bayes_simulation,5,9,226.59214461229675
bayes_simulation,5,10,226.59214461229675
bayes_simulation,5,11,226.59214461229675
bayes_simulation,5,12,226.59214461229675
bayes_simulation,5,13,226.59214461229675
bayes_simulation,5,14,226.59214461229675
bayes_simulation,5,15,226.59214461229675
bayes_simulation,5,16,226.59214461229675
bayes_simulation,5,17,102.44998779892558
bayes_simulation,5,18,102.44998779892558
bayes_simulation,5,19,102.44998779892558
bayes_simulation,5,20,102.44998779892558
bayes_simulation,5,21,102.44998779892558
bayes_simulation,5,22,102.44998779892558
bayes_simulation,5,23,102.44998779892558
bayes_simulation,5,24,102.44998779892558
bayes_simulation,5,25,102.44998779892558
bayes_simulation,5,26,102.44998779892558
bayes_simulation,5,27,102.44998779892558
bayes_simulation,5,28,102.44998779892558
bayes_simulation,5,29,102.44998779892558
bayes_simulation,5,30,102.44998779892558
bayes_simulation,5,31,30.675723300355934
bayes_simulation,5,32,30.675723300355934
bayes_simulation,5,33,30.675723300355934
bayes_simulation,5,34,30.675723300355934
bayes_simulation,5,35,30.675723300355934
bayes_simulation,5,36,30.675723300355934
bayes_simulation,5,37,30.675723300355934
bayes_simulation,5,38,30.675723300355934
bayes_simulation,5,39,30.675723300355934
bayes_simulation,5,40,30.675723300355934
bayes_simulation,5,41,30.675723300355934
bayes_simulation,5,42,30.675723300355934
bayes_simulation,5,43,30.675723300355934
bayes_simulation,5,44,30.675723300355934
bayes_simulation,5,45,30.675723300355934
bayes_simulation,5,46,30.675723300355934
bayes_simulation,5,47,30.675723300355934
bayes_simulation,5,48,30.675723300355934
bayes_simulation,5,49,30.675723300355934
bayes_simulation,5,50,30.675723300355934
bayes_simulation,6,0,3185.50780881165
bayes_simulation,6,1,3185.50780881165
bayes_simulation,6,2,3185.50780881165
bayes_simulation,6,3,3185.50780881165
bayes_simulation,6,4,3185.50780881165
bayes_simulation,6,5,1100.55667732289
bayes_simulation,6,6,1100.55667732289
bayes_simulation,6,7,1100.55667732289
bayes_simulation,6,8,1100.55667732289
bayes_simulation,6,9,1100.55667732289
bayes_simulation,6,10,1100.55667732289
bayes_simulation,6,11,206.0218435020908
bayes_simulation,6,12,206.0218435020908
bayes_simulation,6,13,206.0218435020908
bayes_simulation,6,14,206.0218435020908
bayes_simulation,6,15,206.0218435020908
bayes_simulation,6,16,40.0
bayes_simulation,6,17,40.0
bayes_simulation,6,18,40.0
bayes_simulation,6,19,40.0
bayes_simulation,6,20,40.0
bayes_simulation,6,21,40.0
bayes_simulation,6,22,40.0
bayes_simulation,6,23,40.0
bayes_simulation,6,24,40.0
bayes_simulation,6,25,40.0
bayes_simulation,6,26,40.0
bayes_simulation,6,27,40.0
bayes_simulation,6,28,40.0
bayes_simulation,6,29,40.0
bayes_simulation,6,30,40.0
bayes_simulation,6,31,40.0
bayes_simulation,6,32,40.0
bayes_simulation,6,33,40.0
bayes_simulation,6,34,40.0
bayes_simulation,6,35,40.0
bayes_simulation,6,36,40.0
bayes_simulation,6,37,40.0
bayes_simulation,6,38,40.0
bayes_simulation,6,39,40.0
bayes_simulation,6,40,23.194827009486403
bayes_simulation,6,41,23.194827009486403
bayes_simulation,6,42,23.194827009486403
bayes_simulation,6,43,23.194827009486403
bayes_simulation,6,44,23.194827009486403
bayes_simulation,6,45,23.194827009486403
bayes_simulation,6,46,23.194827009486403
bayes_simulation,6,47,23.194827009486403
bayes_simulation,6,48,23.194827009486403
bayes_simulation,6,49,23.194827009486403
bayes_simulation,6,50,23.194827009486403
bayes_simulation,7,0,1843.9023835333583
bayes_simulation,7,1,1843.9023835333583
bayes_simulation,7,2,1843.9023835333583
bayes_simulation,7,3,512.7826050091793
bayes_simulation,7,4,512.7826050091793
bayes_simulation,7,5,442.24201519077764
bayes_simulation,7,6,442.24201519077764
bayes_simulation,7,7,442.24201519077764
bayes_simulation,7,8,442.24201519077764
bayes_simulation,7,9,442.24201519077764
bayes_simulation,7,10,442.24201519077764
bayes_simulation,7,11,59.64059020499378
bayes_simulation,7,12,59.64059020499378
bayes_simulation,7,13,59.64059020499378
bayes_simulation,7,14,59.64059020499378
bayes_simulation,7,15,59.64059020499378
bayes_simulation,7,16,59.64059020499378
bayes_simulation,7,17,59.64059020499378
bayes_simulation,7,18,59.64059020499378
bayes_simulation,7,19,59.64059020499378
bayes_simulation,7,20,59.64059020499378
bayes_simulation,7,21,59.64059020499378
bayes_simulation,7,22,59.64059020499378
bayes_simulation,7,23,59.64059020499378
bayes_simulation,7,24,59.64059020499378
bayes_simulation,7,25,59.64059020499378
bayes_simulation,7,26,59.64059020499378
bayes_simulation,7,27,59.64059020499378
bayes_simulation,7,28,59.64059020499378
bayes_simulation,7,29,59.64059020499378
bayes_simulation,7,30,59.64059020499378
bayes_simulation,7,31,59.64059020499378
bayes_simulation,7,32,59.64059020499378
bayes_simulation,7,33,59.64059020499378
bayes_simulation,7,34,59.64059020499378
bayes_simulation,7,35,59.64059020499378
bayes_simulation,7,36,59.64059020499378
bayes_simulation,7,37,59.64059020499378
bayes_simulation,7,38,59.64059020499378
bayes_simulation,7,39,39.698866482558415
bayes_simulation,7,40,39.698866482558415
bayes_simulation,7,41,39.698866482558415
bayes_simulation,7,42,39.698866482558415
bayes_simulation,7,43,39.698866482558415
bayes_simulation,7,44,39.698866482558415
bayes_simulation,7,45,39.698866482558415
bayes_simulation,7,46,39.698866482558415
bayes_simulation,7,47,39.698866482558415
bayes_simulation,7,48,39.698866482558415
bayes_simulation,7,49,39.698866482558415
bayes_simulation,7,50,39.698866482558415
bayes_simulation,8,0,2943.0304109879667
bayes_simulation,8,1,2772.1421319982855
bayes_simulation,8,2,2772.1421319982855
bayes_simulation,8,3,2772.1421319982855
bayes_simulation,8,4,925.8104557629493
bayes_simulation,8,5,925.8104557629493
bayes_simulation,8,6,925.8104557629493
bayes_simulation,8,7,925.8104557629493
bayes_simulation,8,8,581.1548846908197
bayes_simulation,8,9,581.1548846908197
bayes_simulation,8,10,581.1548846908197
bayes_simulation,8,11,528.2660314652079
bayes_simulation,8,12,220.238507078122
bayes_simulation,8,13,220.238507078122
bayes_simulation,8,14,220.238507078122
bayes_simulation,8,15,220.238507078122
bayes_simulation,8,16,220.238507078122
bayes_simulation,8,17,65.94694837519019
bayes_simulation,8,18,65.94694837519019
bayes_simulation,8,19,65.94694837519019
bayes_simulation,8,20,65.94694837519019
bayes_simulation,8,21,65.94694837519019
bayes_simulation,8,22,65.94694837519019
bayes_simulation,8,23,65.94694837519019
bayes_simulation,8,24,65.94694837519019
bayes_simulation,8,25,65.94694837519019
bayes_simulation,8,26,65.94694837519019
bayes_simulation,8,27,65.94694837519019
bayes_simulation,8,28,65.94694837519019
bayes_simulation,8,29,65.94694837519019
bayes_simulation,8,30,65.94694837519019
bayes_simulation,8,31,65.94694837519019
bayes_simulation,8,32,65.94694837519019
bayes_simulation,8,33,65.94694837519019
bayes_simulation,8,34,65.94694837519019
bayes_simulation,8,35,65.94694837519019
bayes_simulation,8,36,65.94694837519019
bayes_simulation,8,37,65.94694837519019
bayes_simulation,8,38,65.94694837519019
bayes_simulation,8,39,65.94694837519019
bayes_simulation,8,40,65.94694837519019
bayes_simulation,8,41,65.94694837519019
bayes_simulation,8,42,65.94694837519019
bayes_simulation,8,43,10.04987562112089
bayes_simulation,8,44,10.04987562112089
bayes_simulation,8,45,10.04987562112089
bayes_simulation,8,46,10.04987562112089
bayes_simulation,8,47,10.04987562112089
bayes_simulation,8,48,10.04987562112089
bayes_simulation,8,49,10.04987562112089
bayes_simulation,8,50,10.04987562112089
bayes_simulation,9,0,4095.0877890467746
bayes_simulation,9,1,4095.0877890467746
bayes_simulation,9,2,4095.0877890467746
bayes_simulation,9,3,4095.0877890467746
bayes_simulation,9,4,801.9177015130667
bayes_simulation,9,5,801.9177015130667
bayes_simulation,9,6,801.9177015130667
bayes_simulation,9,7,801.9177015130667
bayes_simulation,9,8,801.9177015130667
bayes_simulation,9,9,63.56099432828282
bayes_simulation,9,10,63.56099432828282
bayes_simulation,9,11,63.56099432828282
bayes_simulation,9,12,63.56099432828282
bayes_simulation,9,13,63.56099432828282
bayes_simulation,9,14,63.56099432828282
bayes_simulation,9,15,63.56099432828282
bayes_simulation,9,16,63.56099432828282
bayes_simulation,9,17,63.56099432828282
bayes_simulation,9,18,63.56099432828282
bayes_simulation,9,19,63.56099432828282
bayes_simulation,9,20,63.56099432828282
bayes_simulation,9,21,63.56099432828282
bayes_simulation,9,22,63.56099432828282
bayes_simulation,9,23,63.56099432828282
bayes_simulation,9,24,63.56099432828282
bayes_simulation,9,25,63.56099432828282
bayes_simulation,9,26,63.56099432828282
bayes_simulation,9,27,63.56099432828282
bayes_simulation,9,28,63.56099432828282
bayes_simulation,9,29,63.56099432828282
bayes_simulation,9,30,63.56099432828282
bayes_simulation,9,31,63.56099432828282
bayes_simulation,9,32,62.12889826803627
bayes_simulation,9,33,62.12889826803627
bayes_simulation,9,34,62.12889826803627
bayes_simulation,9,35,62.12889826803627
bayes_simulation,9,36,62.12889826803627
bayes_simulation,9,37,62.12889826803627
bayes_simulation,9,38,62.12889826803627
bayes_simulation,9,39,40.80441152620633
bayes_simulation,9,40,40.80441152620633
bayes_simulation,9,41,40.80441152620633
bayes_simulation,9,42,40.80441152620633
bayes_simulation,9,43,40.80441152620633
bayes_simulation,9,44,40.80441152620633
bayes_simulation,9,45,40.80441152620633
bayes_simulation,9,46,40.80441152620633
bayes_simulation,9,47,40.80441152620633
bayes_simulation,9,48,40.80441152620633
bayes_simulation,9,49,40.80441152620633
bayes_simulation,9,50,40.80441152620633
random_simulation,0,0,2186.2005854907275
random_simulation,0,1,2186.2005854907275
random_simulation,0,2,2186.2005854907275
random_simulation,0,3,2186.2005854907275
random_simulation,0,4,2186.2005854907275
random_simulation,0,5,2186.2005854907275
random_simulation,0,6,2186.2005854907275
random_simulation,0,7,2186.2005854907275
random_simulation,0,8,2186.2005854907275
random_simulation,0,9,2186.2005854907275
random_simulation,0,10,2186.2005854907275
random_simulation,0,11,2186.2005854907275
random_simulation,0,12,2186.2005854907275
random_simulation,0,13,2186.2005854907275
random_simulation,0,14,2186.2005854907275
random_simulation,0,15,2186.2005854907275
random_simulation,0,16,2186.2005854907275
random_simulation,0,17,2186.2005854907275
random_simulation,0,18,2186.2005854907275
random_simulation,0,19,2186.2005854907275
random_simulation,0,20,2186.2005854907275
random_simulation,0,21,2186.2005854907275
random_simulation,0,22,2186.2005854907275
random_simulation,0,23,2186.2005854907275
random_simulation,0,24,909.2991806880725
random_simulation,0,25,909.2991806880725
random_simulation,0,26,909.2991806880725
random_simulation,0,27,909.2991806880725
random_simulation,0,28,909.2991806880725
random_simulation,0,29,909.2991806880725
random_simulation,0,30,909.2991806880725
random_simulation,0,31,909.2991806880725
random_simulation,0,32,909.2991806880725
random_simulation,0,33,909.2991806880725
random_simulation,0,34,909.2991806880725
random_simulation,0,35,909.2991806880725
random_simulation,0,36,909.2991806880725
random_simulation,0,37,588.8633118135311
random_simulation,0,38,588.8633118135311
random_simulation,0,39,588.8633118135311
random_simulation,0,40,588.8633118135311
random_simulation,0,41,588.8633118135311
random_simulation,0,42,588.8633118135311
random_simulation,0,43,588.8633118135311
random_simulation,0,44,588.8633118135311
random_simulation,0,45,588.8633118135311
random_simulation,0,46,588.8633118135311
random_simulation,0,47,588.8633118135311
random_simulation,0,48,588.8633118135311
random_simulation,0,49,588.8633118135311
random_simulation,0,50,588.8633118135311
random_simulation,1,0,3375.000148148145
random_simulation,1,1,3375.000148148145
random_simulation,1,2,3375.000148148145
random_simulation,1,3,3375.000148148145
random_simulation,1,4,3375.000148148145
random_simulation,1,5,3375.000148148145
random_simulation,1,6,1663.5026299949152
random_simulation,1,7,1663.5026299949152
random_simulation,1,8,1663.5026299949152
random_simulation,1,9,1663.5026299949152
random_simulation,1,10,1663.5026299949152
random_simulation,1,11,1663.5026299949152
random_simulation,1,12,1663.5026299949152
random_simulation,1,13,1663.5026299949152
random_simulation,1,14,1663.5026299949152
random_simulation,1,15,1663.5026299949152
random_simulation,1,16,1663.5026299949152
random_simulation,1,17,1663.5026299949152
random_simulation,1,18,1663.5026299949152
random_simulation,1,19,1663.5026299949152
random_simulation,1,20,1663.5026299949152
random_simulation,1,21,1663.5026299949152
random_simulation,1,22,1663.5026299949152
random_simulation,1,23,1663.5026299949152
random_simulation,1,24,466.3142717095414
random_simulation,1,25,466.3142717095414
random_simulation,1,26,466.3142717095414
random_simulation,1,27,466.3142717095414
random_simulation,1,28,466.3142717095414
random_simulation,1,29,466.3142717095414
random_simulation,1,30,466.3142717095414
random_simulation,1,31,466.3142717095414
random_simulation,1,32,466.3142717095414
random_simulation,1,33,466.3142717095414
random_simulation,1,34,466.3142717095414
random_simulation,1,35,466.3142717095414
random_simulation,1,36,466.3142717095414
random_simulation,1,37,466.3142717095414
random_simulation,1,38,466.3142717095414
random_simulation,1,39,466.3142717095414
random_simulation,1,40,466.3142717095414
random_simulation,1,41,466.3142717095414
random_simulation,1,42,466.3142717095414
random_simulation,1,43,466.3142717095414
random_simulation,1,44,466.3142717095414
random_simulation,1,45,466.3142717095414
random_simulation,1,46,466.3142717095414
random_simulation,1,47,466.3142717095414
random_simulation,1,48,466.3142717095414
random_simulation,1,49,466.3142717095414
random_simulation,1,50,466.3142717095414
random_simulation,2,0,1979.1071219112926
random_simulation,2,1,1979.1071219112926
random_simulation,2,2,1979.1071219112926
random_simulation,2,3,1979.1071219112926
random_simulation,2,4,1979.1071219112926
random_simulation,2,5,1899.7539314342791
random_simulation,2,6,1899.7539314342791
random_simulation,2,7,1899.7539314342791
random_simulation,2,8,1730.8061705459684
random_simulation,2,9,1730.8061705459684
random_simulation,2,10,1730.8061705459684
random_simulation,2,11,1730.8061705459684
random_simulation,2,12,1730.8061705459684
random_simulation,2,13,1730.8061705459684
random_simulation,2,14,1730.8061705459684
random_simulation,2,15,1730.8061705459684
random_simulation,2,16,1730.8061705459684
random_simulation,2,17,1730.8061705459684
random_simulation,2,18,1730.8061705459684
random_simulation,2,19,1730.8061705459684
random_simulation,2,20,1730.8061705459684
random_simulation,2,21,1730.8061705459684
random_simulation,2,22,1730.8061705459684
random_simulation,2,23,1730.8061705459684
random_simulation,2,24,1730.8061705459684
random_simulation,2,25,1730.8061705459684
random_simulation,2,26,1730.8061705459684
random_simulation,2,27,1730.8061705459684
random_simulation,2,28,1730.8061705459684
random_simulation,2,29,1730.8061705459684
random_simulation,2,30,1730.8061705459684
random_simulation,2,31,1730.8061705459684
random_simulation,2,32,1730.8061705459684
random_simulation,2,33,1730.8061705459684
random_simulation,2,34,1730.8061705459684
random_simulation,2,35,1730.8061705459684
random_simulation,2,36,1730.8061705459684
random_simulation,2,37,1730.8061705459684
random_simulation,2,38,1730.8061705459684
random_simulation,2,39,1730.8061705459684
random_simulation,2,40,1730.8061705459684
random_simulation,2,41,1730.8061705459684
random_simulation,2,42,1730.8061705459684
random_simulation,2,43,1730.8061705459684
random_simulation,2,44,1730.8061705459684
random_simulation,2,45,1730.8061705459684
random_simulation,2,46,1730.8061705459684
random_simulation,2,47,1730.8061705459684
random_simulation,2,48,1730.8061705459684
random_simulation,2,49,1730.8061705459684
random_simulation,2,50,1730.8061705459684
random_simulation,3,0,2313.4757400932476
random_simulation,3,1,2313.4757400932476
random_simulation,3,2,2313.4757400932476
random_simulation,3,3,2313.4757400932476
random_simulation,3,4,2313.4757400932476
random_simulation,3,5,2313.4757400932476
random_simulation,3,6,1217.01479037849
random_simulation,3,7,1217.01479037849
random_simulation,3,8,1217.01479037849
random_simulation,3,9,1217.01479037849
random_simulation,3,10,1217.01479037849
random_simulation,3,11,1217.01479037849
random_simulation,3,12,1217.01479037849
random_simulation,3,13,1217.01479037849
random_simulation,3,14,1217.01479037849
random_simulation,3,15,1217.01479037849
random_simulation,3,16,1217.01479037849
random_simulation,3,17,1217.01479037849
random_simulation,3,18,1217.01479037849
random_simulation,3,19,1217.01479037849
random_simulation,3,20,1217.01479037849
random_simulation,3,21,1217.01479037849
random_simulation,3,22,1217.01479037849
random_simulation,3,23,1217.01479037849
random_simulation,3,24,1217.01479037849
random_simulation,3,25,1217.01479037849
random_simulation,3,26,1217.01479037849
random_simulation,3,27,1217.01479037849
random_simulation,3,28,1217.01479037849
random_simulation,3,29,1217.01479037849
random_simulation,3,30,1217.01479037849
random_simulation,3,31,1217.01479037849
random_simulation,3,32,1217.01479037849
random_simulation,3,33,1217.01479037849
random_simulation,3,34,1217.01479037849
random_simulation,3,35,1217.01479037849
random_simulation,3,36,1217.01479037849
random_simulation,3,37,1217.01479037849
random_simulation,3,38,1217.01479037849
random_simulation,3,39,1217.01479037849
random_simulation,3,40,1217.01479037849
random_simulation,3,41,1217.01479037849
random_simulation,3,42,1217.01479037849
random_simulation,3,43,1217.01479037849
random_simulation,3,44,1217.01479037849
random_simulation,3,45,1217.01479037849
random_simulation,3,46,1217.01479037849
random_simulation,3,47,1217.01479037849
random_simulation,3,48,1217.01479037849
random_simulation,3,49,1217.01479037849
random_simulation,3,50,1217.01479037849
random_simulation,4,0,3626.1683634381898
random_simulation,4,1,3626.1683634381898
random_simulation,4,2,3626.1683634381898
random_simulation,4,3,3297.8558185584766
random_simulation,4,4,3297.8558185584766
random_simulation,4,5,3297.8558185584766
random_simulation,4,6,2006.8206197864322
random_simulation,4,7,2006.8206197864322
random_simulation,4,8,2006.8206197864322
random_simulation,4,9,2006.8206197864322
random_simulation,4,10,2006.8206197864322
random_simulation,4,11,2006.8206197864322
random_simulation,4,12,2006.8206197864322
random_simulation,4,13,2006.8206197864322
random_simulation,4,14,1685.107118256878
random_simulation,4,15,1685.107118256878
random_simulation,4,16,1685.107118256878
random_simulation,4,17,1685.107118256878
random_simulation,4,18,1685.107118256878
random_simulation,4,19,1685.107118256878
random_simulation,4,20,1685.107118256878
random_simulation,4,21,1685.107118256878
random_simulation,4,22,1685.107118256878
random_simulation,4,23,1685.107118256878
random_simulation,4,24,1158.2685353578418
random_simulation,4,25,1158.2685353578418
random_simulation,4,26,1158.2685353578418
random_simulation,4,27,1158.2685353578418
random_simulation,4,28,1158.2685353578418
random_simulation,4,29,1158.2685353578418
random_simulation,4,30,1158.2685353578418
random_simulation,4,31,1158.2685353578418
random_simulation,4,32,1158.2685353578418
random_simulation,4,33,1158.2685353578418
random_simulation,4,34,1158.2685353578418
random_simulation,4,35,1158.2685353578418
random_simulation,4,36,751.0026631111238
random_simulation,4,37,751.0026631111238
random_simulation,4,38,751.0026631111238
random_simulation,4,39,751.0026631111238
random_simulation,4,40,751.0026631111238
random_simulation,4,41,751.0026631111238
random_simulation,4,42,751.0026631111238
random_simulation,4,43,751.0026631111238
random_simulation,4,44,751.0026631111238
random_simulation,4,45,751.0026631111238
random_simulation,4,46,751.0026631111238
random_simulation,4,47,751.0026631111238
random_simulation,4,48,751.0026631111238
random_simulation,4,49,751.0026631111238
random_simulation,4,50,751.0026631111238
random_simulation,5,0,2132.6312386345653
random_simulation,5,1,2132.6312386345653
random_simulation,5,2,1454.1076301292144
random_simulation,5,3,1454.1076301292144
random_simulation,5,4,1454.1076301292144
random_simulation,5,5,1454.1076301292144
random_simulation,5,6,1454.1076301292144
random_simulation,5,7,1454.1076301292144
random_simulation,5,8,1454.1076301292144
random_simulation,5,9,776.415481556106
random_simulation,5,10,776.415481556106
random_simulation,5,11,776.415481556106
random_simulation,5,12,635.2928458592935
random_simulation,5,13,635.2928458592935
random_simulation,5,14,635.2928458592935
random_simulation,5,15,635.2928458592935
random_simulation,5,16,635.2928458592935
random_simulation,5,17,635.2928458592935
random_simulation,5,18,635.2928458592935
random_simulation,5,19,635.2928458592935
random_simulation,5,20,635.2928458592935
random_simulation,5,21,635.2928458592935
random_simulation,5,22,635.2928458592935
random_simulation,5,23,635.2928458592935
random_simulation,5,24,635.2928458592935
random_simulation,5,25,635.2928458592935
random_simulation,5,26,635.2928458592935
random_simulation,5,27,635.2928458592935
random_simulation,5,28,635.2928458592935
random_simulation,5,29,635.2928458592935
random_simulation,5,30,635.2928458592935
random_simulation,5,31,635.2928458592935
random_simulation,5,32,635.2928458592935
random_simulation,5,33,635.2928458592935
random_simulation,5,34,635.2928458592935
random_simulation,5,35,635.2928458592935
random_simulation,5,36,635.2928458592935
random_simulation,5,37,635.2928458592935
random_simulation,5,38,635.2928458592935
random_simulation,5,39,635.2928458592935
random_simulation,5,40,635.2928458592935
random_simulation,5,41,635.2928458592935
random_simulation,5,42,635.2928458592935
random_simulation,5,43,635.2928458592935
random_simulation,5,44,635.2928458592935
random_simulation,5,45,513.3751065254334
random_simulation,5,46,513.3751065254334
random_simulation,5,47,513.3751065254334
random_simulation,5,48,513.3751065254334
random_simulation,5,49,513.3751065254334
random_simulation,5,50,513.3751065254334
random_simulation,6,0,3185.50780881165
random_simulation,6,1,3185.50780881165
random_simulation,6,2,3185.50780881165
random_simulation,6,3,1920.4949882777616
random_simulation,6,4,1920.4949882777616
random_simulation,6,5,1920.4949882777616
random_simulation,6,6,1920.4949882777616
random_simulation,6,7,1920.4949882777616
random_simulation,6,8,1920.4949882777616
random_simulation,6,9,1920.4949882777616
random_simulation,6,10,1920.4949882777616
random_simulation,6,11,1920.4949882777616
random_simulation,6,12,1920.4949882777616
random_simulation,6,13,1920.4949882777616
random_simulation,6,14,1512.6152848626118
random_simulation,6,15,1512.6152848626118
random_simulation,6,16,1512.6152848626118
random_simulation,6,17,1512.6152848626118
random_simulation,6,18,1512.6152848626118
random_simulation,6,19,1512.6152848626118
random_simulation,6,20,1512.6152848626118
random_simulation,6,21,1512.6152848626118
random_simulation,6,22,1512.6152848626118
random_simulation,6,23,1512.6152848626118
random_simulation,6,24,1512.6152848626118
random_simulation,6,25,1512.6152848626118
random_simulation,6,26,1512.6152848626118
random_simulation,6,27,1512.6152848626118
random_simulation,6,28,1512.6152848626118
random_simulation,6,29,1512.6152848626118
random_simulation,6,30,1512.6152848626118
random_simulation,6,31,1512.6152848626118
random_simulation,6,32,1512.6152848626118
random_simulation,6,33,1512.6152848626118
random_simulation,6,34,1512.6152848626118
random_simulation,6,35,1512.6152848626118
random_simulation,6,36,1512.6152848626118
random_simulation,6,37,1336.0303140273427
random_simulation,6,38,1336.0303140273427
random_simulation,6,39,1336.0303140273427
random_simulation,6,40,1336.0303140273427
random_simulation,6,41,1336.0303140273427
random_simulation,6,42,1336.0303140273427
random_simulation,6,43,1336.0303140273427
random_simulation,6,44,466.2038180881834
random_simulation,6,45,466.2038180881834
random_simulation,6,46,466.2038180881834
random_simulation,6,47,466.2038180881834
random_simulation,6,48,466.2038180881834
random_simulation,6,49,466.2038180881834
random_simulation,6,50,466.2038180881834
random_simulation,7,0,1843.9023835333583
random_simulation,7,1,1843.9023835333583
random_simulation,7,2,1843.9023835333583
random_simulation,7,3,1843.9023835333583
random_simulation,7,4,1843.9023835333583
random_simulation,7,5,1843.9023835333583
random_simulation,7,6,1843.9023835333583
random_simulation,7,7,1843.9023835333583
random_simulation,7,8,1843.9023835333583
random_simulation,7,9,1843.9023835333583
random_simulation,7,10,1843.9023835333583
random_simulation,7,11,1843.9023835333583
random_simulation,7,12,1843.9023835333583
random_simulation,7,13,1843.9023835333583
random_simulation,7,14,1843.9023835333583
random_simulation,7,15,1843.9023835333583
random_simulation,7,16,1843.9023835333583
random_simulation,7,17,1843.9023835333583
random_simulation,7,18,1843.9023835333583
random_simulation,7,19,1843.9023835333583
random_simulation,7,20,1843.9023835333583
random_simulation,7,21,1843.9023835333583
random_simulation,7,22,1843.9023835333583
random_simulation,7,23,1843.9023835333583
random_simulation,7,24,1843.9023835333583
random_simulation,7,25,1843.9023835333583
random_simulation,7,26,1843.9023835333583
random_simulation,7,27,679.8955802180215
random_simulation,7,28,679.8955802180215
random_simulation,7,29,679.8955802180215
random_simulation,7,30,679.8955802180215
random_simulation,7,31,679.8955802180215
random_simulation,7,32,679.8955802180215
random_simulation,7,33,679.8955802180215
random_simulation,7,34,679.8955802180215
random_simulation,7,35,679.8955802180215
random_simulation,7,36,679.8955802180215
random_simulation,7,37,679.8955802180215
random_simulation,7,38,679.8955802180215
random_simulation,7,39,679.8955802180215
random_simulation,7,40,679.8955802180215
random_simulation,7,41,679.8955802180215
random_simulation,7,42,679.8955802180215
random_simulation,7,43,679.8955802180215
random_simulation,7,44,679.8955802180215
random_simulation,7,45,679.8955802180215
random_simulation,7,46,679.8955802180215
random_simulation,7,47,679.8955802180215
random_simulation,7,48,679.8955802180215
random_simulation,7,49,679.8955802180215
random_simulation,7,50,679.8955802180215
random_simulation,8,0,2943.0304109879667
random_simulation,8,1,2943.0304109879667
random_simulation,8,2,2943.0304109879667
random_simulation,8,3,2943.0304109879667
random_simulation,8,4,2943.0304109879667
random_simulation,8,5,2943.0304109879667
random_simulation,8,6,2943.0304109879667
random_simulation,8,7,2943.0304109879667
random_simulation,8,8,2943.0304109879667
random_simulation,8,9,2800.62582291887
random_simulation,8,10,2800.62582291887
random_simulation,8,11,2800.62582291887
random_simulation,8,12,1655.5023406809185
random_simulation,8,13,1655.5023406809185
random_simulation,8,14,1655.5023406809185
random_simulation,8,15,1655.5023406809185
random_simulation,8,16,1655.5023406809185
random_simulation,8,17,1655.5023406809185
random_simulation,8,18,1655.5023406809185
random_simulation,8,19,1655.5023406809185
random_simulation,8,20,1655.5023406809185
random_simulation,8,21,1655.5023406809185
random_simulation,8,22,1655.5023406809185
random_simulation,8,23,1655.5023406809185
random_simulation,8,24,1470.4155875125916
random_simulation,8,25,1470.4155875125916
random_simulation,8,26,1470.4155875125916
random_simulation,8,27,1470.4155875125916
random_simulation,8,28,1470.4155875125916
random_simulation,8,29,1470.4155875125916
random_simulation,8,30,1470.4155875125916
random_simulation,8,31,1470.4155875125916
random_simulation,8,32,1470.4155875125916
random_simulation,8,33,1470.4155875125916
random_simulation,8,34,1470.4155875125916
random_simulation,8,35,1470.4155875125916
random_simulation,8,36,1470.4155875125916
random_simulation,8,37,1470.4155875125916
random_simulation,8,38,1470.4155875125916
random_simulation,8,39,1470.4155875125916
random_simulation,8,40,1470.4155875125916
random_simulation,8,41,1470.4155875125916
random_simulation,8,42,1344.9479543833656
random_simulation,8,43,1344.9479543833656
random_simulation,8,44,1344.9479543833656
random_simulation,8,45,1344.9479543833656
random_simulation,8,46,1344.9479543833656
random_simulation,8,47,1344.9479543833656
random_simulation,8,48,1344.9479543833656
random_simulation,8,49,1344.9479543833656
random_simulation,8,50,1344.9479543833656
random_simulation,9,0,4095.0877890467746
random_simulation,9,1,4095.0877890467746
random_simulation,9,2,4095.0877890467746
random_simulation,9,3,3167.843430474429
random_simulation,9,4,1262.1283611423999
random_simulation,9,5,1262.1283611423999
random_simulation,9,6,1262.1283611423999
random_simulation,9,7,1262.1283611423999
random_simulation,9,8,1262.1283611423999
random_simulation,9,9,1262.1283611423999
random_simulation,9,10,1262.1283611423999
random_simulation,9,11,1262.1283611423999
random_simulation,9,12,1262.1283611423999
random_simulation,9,13,1262.1283611423999
random_simulation,9,14,1262.1283611423999
random_simulation,9,15,1262.1283611423999
random_simulation,9,16,1262.1283611423999
random_simulation,9,17,1262.1283611423999
random_simulation,9,18,1262.1283611423999
random_simulation,9,19,1262.1283611423999
random_simulation,9,20,1262.1283611423999
random_simulation,9,21,1262.1283611423999
random_simulation,9,22,1262.1283611423999
random_simulation,9,23,1262.1283611423999
random_simulation,9,24,1262.1283611423999
random_simulation,9,25,1262.1283611423999
random_simulation,9,26,1262.1283611423999
random_simulation,9,27,1262.1283611423999
random_simulation,9,28,1262.1283611423999
random_simulation,9,29,1262.1283611423999
random_simulation,9,30,1262.1283611423999
random_simulation,9,31,1262.1283611423999
random_simulation,9,32,1262.1283611423999
random_simulation,9,33,1262.1283611423999
random_simulation,9,34,1262.1283611423999
random_simulation,9,35,1262.1283611423999
random_simulation,9,36,1262.1283611423999
random_simulation,9,37,1262.1283611423999
random_simulation,9,38,1262.1283611423999
random_simulation,9,39,1262.1283611423999
random_simulation,9,40,1262.1283611423999
random_simulation,9,41,1262.1283611423999
random_simulation,9,42,1262.1283611423999
random_simulation,9,43,1262.1283611423999
random_simulation,9,44,1262.1283611423999
random_simulation,9,45,1262.1283611423999
random_simulation,9,46,1262.1283611423999
random_simulation,9,47,1262.1283611423999
random_simulation,9,48,1262.1283611423999
random_simulation,9,49,1262.1283611423999
random_simulation,9,50,1262.1283611423999
