method,trial,evaluation,objective,c8_hit,c8_center_distance_px,furthest_mirror,furthest_camera
random,1,1,,False,,1,0
random,1,2,,False,,1,0
random,1,3,,False,,1,0
random,1,4,,False,,1,0
random,1,5,,False,,1,0
random,1,6,,False,,2,1
random,1,7,,False,,1,0
random,1,8,,False,,1,0
random,1,9,,False,,1,0
random,1,10,,False,,1,0
random,1,11,,False,,1,0
random,1,12,,False,,1,0
random,1,13,,False,,1,0
random,1,14,,False,,1,0
random,1,15,,False,,1,0
random,1,16,,False,,1,0
random,1,17,,False,,1,0
random,1,18,,False,,1,0
random,1,19,,False,,1,0
random,1,20,,False,,1,0
random,1,21,,False,,1,1
random,1,22,,False,,1,0
random,1,23,,False,,1,0
random,1,24,,False,,1,0
random,1,25,,False,,1,0
random,1,26,,False,,1,0
random,1,27,,False,,1,0
random,1,28,,False,,1,0
random,1,29,,False,,1,0
random,1,30,,False,,1,0
random,1,31,,False,,1,0
random,1,32,,False,,1,0
random,1,33,,False,,1,0
random,1,34,,False,,1,0
random,1,35,,False,,1,0
random,1,36,,False,,1,0
random,1,37,,False,,1,0
random,1,38,,False,,1,0
random,1,39,,False,,1,0
random,1,40,,False,,1,0
random,1,41,,False,,1,0
random,1,42,,False,,1,0
random,1,43,,False,,1,0
random,1,44,,False,,1,0
random,1,45,,False,,1,0
random,1,46,,False,,1,0
random,1,47,,False,,1,0
random,1,48,,False,,1,0
random,1,49,,False,,1,1
random,1,50,,False,,1,0
random,1,51,,False,,1,0
random,1,52,,False,,1,0
random,1,53,,False,,1,1
random,1,54,,False,,1,0
random,1,55,,False,,1,0
random,1,56,,False,,1,0
random,1,57,,False,,1,0
random,1,58,,False,,1,0
random,1,59,,False,,1,0
random,1,60,,False,,1,0
random,1,61,,False,,1,0
random,1,62,,False,,1,0
random,1,63,,False,,1,1
random,1,64,,False,,1,0
random,1,65,,False,,1,0
random,1,66,,False,,1,0
random,1,67,,False,,1,0
random,1,68,,False,,1,0
random,1,69,,False,,1,0
random,1,70,,False,,1,0
random,1,71,,False,,1,0
random,1,72,,False,,1,0
random,1,73,,False,,1,0
random,1,74,,False,,1,0
random,1,75,,False,,1,0
random,1,76,,False,,1,0
random,1,77,,False,,1,0
random,1,78,,False,,1,0
random,1,79,,False,,1,0
random,1,80,,False,,1,0
random,1,81,,False,,1,0
random,1,82,,False,,1,0
random,1,83,,False,,1,0
random,1,84,,False,,1,0
random,1,85,,False,,1,0
random,1,86,,False,,1,0
random,1,87,,False,,1,0
random,1,88,,False,,1,0
random,1,89,,False,,1,1
random,1,90,,False,,1,0
random,1,91,,False,,1,0
random,1,92,,False,,1,0
random,1,93,,False,,1,0
random,1,94,,False,,1,0
random,1,95,,False,,1,0
random,1,96,,False,,1,0
random,1,97,,False,,1,0
random,1,98,,False,,1,1
random,1,99,,False,,1,0
random,1,100,,False,,1,0
random,2,1,,False,,1,0
random,2,2,,False,,1,0
random,2,3,,False,,1,0
random,2,4,,False,,1,1
random,2,5,,False,,1,0
random,2,6,,False,,1,0
random,2,7,,False,,1,0
random,2,8,,False,,1,0
random,2,9,,False,,1,0
random,2,10,,False,,1,0
random,2,11,,False,,1,0
random,2,12,,False,,1,0
random,2,13,,False,,1,0
random,2,14,,False,,1,0
random,2,15,,False,,1,0
random,2,16,,False,,1,0
random,2,17,,False,,1,0
random,2,18,,False,,1,0
random,2,19,,False,,1,0
random,2,20,,False,,1,0
random,2,21,,False,,1,0
random,2,22,,False,,1,1
random,2,23,,False,,1,0
random,2,24,,False,,1,0
random,2,25,,False,,1,0
random,2,26,,False,,1,0
random,2,27,,False,,1,0
random,2,28,,False,,1,0
random,2,29,,False,,1,0
random,2,30,,False,,1,0
random,2,31,,False,,1,0
random,2,32,,False,,1,0
random,2,33,,False,,1,0
random,2,34,,False,,1,0
random,2,35,,False,,1,0
random,2,36,,False,,1,0
random,2,37,,False,,1,0
random,2,38,,False,,1,0
random,2,39,,False,,1,0
random,2,40,,False,,1,0
random,2,41,,False,,1,0
random,2,42,,False,,1,0
random,2,43,,False,,1,0
random,2,44,,False,,1,0
random,2,45,,False,,1,0
random,2,46,,False,,1,0
random,2,47,,False,,1,0
random,2,48,,False,,1,0
random,2,49,,False,,1,0
random,2,50,,False,,1,0
random,2,51,,False,,1,0
random,2,52,,False,,1,0
random,2,53,,False,,1,0
random,2,54,,False,,1,0
random,2,55,,False,,1,0
random,2,56,,False,,1,0
random,2,57,,False,,1,0
random,2,58,,False,,1,0
random,2,59,,False,,1,0
random,2,60,,False,,1,0
random,2,61,,False,,1,0
random,2,62,,False,,2,1
random,2,63,,False,,1,0
random,2,64,,False,,1,0
random,2,65,,False,,1,0
random,2,66,,False,,1,0
random,2,67,,False,,1,0
random,2,68,,False,,1,0
random,2,69,,False,,1,0
random,2,70,,False,,1,0
random,2,71,,False,,1,0
random,2,72,,False,,1,0
random,2,73,,False,,1,0
random,2,74,,False,,1,0
random,2,75,,False,,1,0
random,2,76,,False,,1,0
random,2,77,,False,,1,0
random,2,78,,False,,1,0
random,2,79,,False,,1,0
random,2,80,,False,,1,0
random,2,81,,False,,1,0
random,2,82,,False,,1,0
random,2,83,,False,,1,0
random,2,84,,False,,1,0
random,2,85,,False,,1,0
random,2,86,,False,,1,0
random,2,87,,False,,1,0
random,2,88,,False,,1,0
random,2,89,,False,,1,0
random,2,90,,False,,1,0
random,2,91,,False,,1,0
random,2,92,,False,,1,0
random,2,93,,False,,1,0
random,2,94,,False,,1,0
random,2,95,,False,,1,0
random,2,96,,False,,1,0
random,2,97,,False,,1,0
random,2,98,,False,,1,0
random,2,99,,False,,1,0
random,2,100,,False,,1,0
random,3,1,,False,,1,0
random,3,2,,False,,1,0
random,3,3,,False,,1,0
random,3,4,,False,,1,0
random,3,5,,False,,1,0
random,3,6,,False,,1,0
random,3,7,,False,,1,0
random,3,8,,False,,1,0
random,3,9,,False,,1,0
random,3,10,,False,,1,0
random,3,11,,False,,1,0
random,3,12,,False,,1,0
random,3,13,,False,,1,0
random,3,14,,False,,1,0
random,3,15,,False,,1,0
random,3,16,,False,,1,0
random,3,17,,False,,1,0
random,3,18,,False,,1,0
random,3,19,,False,,1,0
random,3,20,,False,,1,0
random,3,21,,False,,1,0
random,3,22,,False,,1,0
random,3,23,,False,,1,0
random,3,24,,False,,1,0
random,3,25,,False,,1,0
random,3,26,,False,,1,0
random,3,27,,False,,1,0
random,3,28,,False,,1,0
random,3,29,,False,,1,0
random,3,30,,False,,1,0
random,3,31,,False,,1,0
random,3,32,,False,,1,0
random,3,33,,False,,1,0
random,3,34,,False,,1,0
random,3,35,,False,,1,0
random,3,36,,False,,1,0
random,3,37,,False,,1,0
random,3,38,,False,,1,0
random,3,39,,False,,1,0
random,3,40,,False,,1,1
random,3,41,,False,,1,1
random,3,42,,False,,1,0
random,3,43,,False,,1,0
random,3,44,,False,,1,0
random,3,45,,False,,1,0
random,3,46,,False,,1,1
random,3,47,,False,,1,0
random,3,48,,False,,1,0
random,3,49,,False,,1,0
random,3,50,,False,,1,0
random,3,51,,False,,2,1
random,3,52,,False,,1,0
random,3,53,,False,,1,0
random,3,54,,False,,1,0
random,3,55,,False,,1,0
random,3,56,,False,,1,0
random,3,57,,False,,1,0
random,3,58,,False,,1,0
random,3,59,,False,,1,0
random,3,60,,False,,1,0
random,3,61,,False,,1,0
random,3,62,,False,,1,0
random,3,63,,False,,1,0
random,3,64,,False,,1,0
random,3,65,,False,,1,0
random,3,66,,False,,1,0
random,3,67,,False,,1,0
random,3,68,,False,,1,0
random,3,69,,False,,1,0
random,3,70,,False,,1,0
random,3,71,,False,,1,0
random,3,72,,False,,1,0
random,3,73,,False,,1,0
random,3,74,,False,,1,0
random,3,75,,False,,1,0
random,3,76,,False,,1,0
random,3,77,,False,,1,0
random,3,78,,False,,1,0
random,3,79,,False,,1,0
random,3,80,,False,,1,0
random,3,81,,False,,2,3
random,3,82,,False,,1,0
random,3,83,,False,,1,0
random,3,84,,False,,1,0
random,3,85,,False,,1,0
random,3,86,,False,,1,0
random,3,87,,False,,1,0
random,3,88,,False,,1,0
random,3,89,,False,,1,0
random,3,90,,False,,1,0
random,3,91,,False,,1,0
random,3,92,,False,,1,0
random,3,93,,False,,1,0
random,3,94,,False,,1,0
random,3,95,,False,,1,0
random,3,96,,False,,1,0
random,3,97,,False,,1,0
random,3,98,,False,,1,1
random,3,99,,False,,1,0
random,3,100,,False,,1,0
random,4,1,,False,,1,0
random,4,2,,False,,1,0
random,4,3,,False,,1,0
random,4,4,,False,,2,1
random,4,5,,False,,1,0
random,4,6,,False,,1,0
random,4,7,,False,,1,0
random,4,8,,False,,2,1
random,4,9,,False,,1,0
random,4,10,,False,,1,0
random,4,11,,False,,1,0
random,4,12,,False,,1,0
random,4,13,,False,,2,1
random,4,14,,False,,1,0
random,4,15,,False,,1,0
random,4,16,,False,,1,0
random,4,17,,False,,1,0
random,4,18,,False,,1,0
random,4,19,,False,,1,0
random,4,20,,False,,1,0
random,4,21,,False,,1,0
random,4,22,,False,,1,0
random,4,23,,False,,1,0
random,4,24,,False,,1,0
random,4,25,,False,,1,0
random,4,26,,False,,1,0
random,4,27,,False,,1,0
random,4,28,,False,,1,0
random,4,29,,False,,1,0
random,4,30,,False,,1,1
random,4,31,,False,,1,0
random,4,32,,False,,1,1
random,4,33,,False,,1,0
random,4,34,,False,,2,1
random,4,35,,False,,1,0
random,4,36,,False,,1,0
random,4,37,,False,,1,0
random,4,38,,False,,1,0
random,4,39,,False,,1,0
random,4,40,,False,,1,0
random,4,41,,False,,1,0
random,4,42,,False,,1,0
random,4,43,,False,,1,0
random,4,44,,False,,1,0
random,4,45,,False,,2,1
random,4,46,,False,,1,0
random,4,47,,False,,1,0
random,4,48,,False,,1,0
random,4,49,,False,,1,0
random,4,50,,False,,1,0
random,4,51,,False,,1,0
random,4,52,,False,,1,0
random,4,53,,False,,1,0
random,4,54,,False,,1,0
random,4,55,,False,,1,0
random,4,56,,False,,1,0
random,4,57,,False,,2,1
random,4,58,,False,,1,0
random,4,59,,False,,2,1
random,4,60,,False,,1,0
random,4,61,,False,,1,0
random,4,62,,False,,1,0
random,4,63,,False,,1,1
random,4,64,,False,,1,0
random,4,65,,False,,1,0
random,4,66,,False,,1,0
random,4,67,,False,,1,0
random,4,68,,False,,1,1
random,4,69,,False,,1,0
random,4,70,,False,,1,0
random,4,71,,False,,1,0
random,4,72,,False,,1,0
random,4,73,,False,,1,0
random,4,74,,False,,1,0
random,4,75,,False,,1,0
random,4,76,,False,,1,0
random,4,77,,False,,1,0
random,4,78,,False,,1,0
random,4,79,,False,,1,0
random,4,80,,False,,1,0
random,4,81,,False,,1,0
random,4,82,,False,,1,1
random,4,83,,False,,1,0
random,4,84,,False,,1,0
random,4,85,,False,,1,0
random,4,86,,False,,1,0
random,4,87,,False,,1,0
random,4,88,,False,,1,0
random,4,89,,False,,2,1
random,4,90,,False,,1,0
random,4,91,,False,,1,0
random,4,92,,False,,1,0
random,4,93,,False,,1,0
random,4,94,,False,,1,1
random,4,95,,False,,1,0
random,4,96,,False,,1,0
random,4,97,,False,,2,1
random,4,98,,False,,1,0
random,4,99,,False,,1,0
random,4,100,,False,,2,0
random,5,1,,False,,1,0
random,5,2,,False,,2,1
random,5,3,,False,,1,0
random,5,4,,False,,1,0
random,5,5,,False,,1,0
random,5,6,,False,,1,0
random,5,7,,False,,1,0
random,5,8,,False,,1,0
random,5,9,,False,,1,0
random,5,10,,False,,1,0
random,5,11,,False,,1,0
random,5,12,,False,,2,1
random,5,13,,False,,1,0
random,5,14,,False,,1,0
random,5,15,,False,,2,3
random,5,16,,False,,1,1
random,5,17,,False,,1,0
random,5,18,,False,,1,0
random,5,19,,False,,1,0
random,5,20,,False,,1,0
random,5,21,,False,,1,0
random,5,22,,False,,1,0
random,5,23,,False,,2,1
random,5,24,,False,,1,0
random,5,25,,False,,1,0
random,5,26,,False,,1,0
random,5,27,,False,,1,0
random,5,28,,False,,2,1
random,5,29,,False,,1,0
random,5,30,,False,,1,0
random,5,31,,False,,1,0
random,5,32,,False,,1,0
random,5,33,,False,,2,2
random,5,34,,False,,1,0
random,5,35,,False,,1,0
random,5,36,,False,,1,0
random,5,37,,False,,1,0
random,5,38,,False,,1,0
random,5,39,,False,,1,1
random,5,40,,False,,1,0
random,5,41,,False,,1,0
random,5,42,,False,,1,0
random,5,43,,False,,1,0
random,5,44,,False,,1,0
random,5,45,,False,,1,0
random,5,46,,False,,1,0
random,5,47,,False,,1,0
random,5,48,,False,,1,0
random,5,49,,False,,1,0
random,5,50,,False,,1,0
random,5,51,,False,,1,1
random,5,52,,False,,2,1
random,5,53,,False,,1,0
random,5,54,,False,,1,0
random,5,55,,False,,1,0
random,5,56,,False,,1,0
random,5,57,,False,,1,0
random,5,58,,False,,1,0
random,5,59,,False,,1,0
random,5,60,,False,,1,0
random,5,61,,False,,1,1
random,5,62,,False,,1,0
random,5,63,,False,,1,0
random,5,64,,False,,1,0
random,5,65,,False,,1,0
random,5,66,,False,,2,1
random,5,67,,False,,2,1
random,5,68,,False,,1,0
random,5,69,,False,,1,0
random,5,70,,False,,1,0
random,5,71,,False,,1,0
random,5,72,,False,,1,0
random,5,73,,False,,2,2
random,5,74,,False,,1,0
random,5,75,,False,,1,0
random,5,76,,False,,1,0
random,5,77,,False,,1,0
random,5,78,,False,,1,0
random,5,79,,False,,1,0
random,5,80,,False,,1,0
random,5,81,,False,,2,1
random,5,82,,False,,1,0
random,5,83,,False,,1,0
random,5,84,,False,,1,0
random,5,85,,False,,2,3
random,5,86,,False,,1,0
random,5,87,,False,,1,0
random,5,88,,False,,1,0
random,5,89,,False,,1,0
random,5,90,,False,,1,0
random,5,91,,False,,1,0
random,5,92,,False,,1,0
random,5,93,,False,,1,0
random,5,94,,False,,1,0
random,5,95,,False,,1,0
random,5,96,,False,,1,0
random,5,97,,False,,2,2
random,5,98,,False,,1,1
random,5,99,,False,,1,0
random,5,100,,False,,1,0
random,6,1,,False,,1,0
random,6,2,,False,,1,0
random,6,3,,False,,1,0
random,6,4,,False,,1,0
random,6,5,,False,,1,0
random,6,6,,False,,1,0
random,6,7,,False,,1,0
random,6,8,,False,,1,0
random,6,9,,False,,1,0
random,6,10,,False,,1,0
random,6,11,,False,,1,1
random,6,12,,False,,1,0
random,6,13,,False,,1,0
random,6,14,,False,,1,0
random,6,15,,False,,1,1
random,6,16,,False,,1,0
random,6,17,,False,,1,0
random,6,18,,False,,1,0
random,6,19,,False,,1,0
random,6,20,,False,,1,0
random,6,21,,False,,1,0
random,6,22,,False,,1,0
random,6,23,,False,,1,0
random,6,24,,False,,1,0
random,6,25,,False,,1,0
random,6,26,,False,,1,0
random,6,27,,False,,1,0
random,6,28,,False,,1,0
random,6,29,,False,,1,0
random,6,30,,False,,1,0
random,6,31,,False,,1,0
random,6,32,,False,,1,0
random,6,33,,False,,1,0
random,6,34,,False,,1,0
random,6,35,,False,,1,0
random,6,36,,False,,1,0
random,6,37,,False,,1,0
random,6,38,,False,,1,0
random,6,39,,False,,1,0
random,6,40,,False,,1,0
random,6,41,,False,,1,0
random,6,42,,False,,1,0
random,6,43,,False,,1,0
random,6,44,,False,,1,0
random,6,45,,False,,1,0
random,6,46,,False,,1,0
random,6,47,,False,,1,0
random,6,48,,False,,1,0
random,6,49,,False,,1,0
random,6,50,,False,,1,0
random,6,51,,False,,1,0
random,6,52,,False,,1,0
random,6,53,,False,,1,0
random,6,54,,False,,1,0
random,6,55,,False,,1,0
random,6,56,,False,,1,0
random,6,57,,False,,1,0
random,6,58,,False,,1,0
random,6,59,,False,,1,0
random,6,60,,False,,1,0
random,6,61,,False,,1,0
random,6,62,,False,,1,0
random,6,63,,False,,1,0
random,6,64,,False,,1,0
random,6,65,,False,,1,0
random,6,66,,False,,1,0
random,6,67,,False,,1,0
random,6,68,,False,,1,0
random,6,69,,False,,1,0
random,6,70,,False,,1,0
random,6,71,,False,,1,0
random,6,72,,False,,1,0
random,6,73,,False,,1,0
random,6,74,,False,,1,0
random,6,75,,False,,1,0
random,6,76,,False,,1,0
random,6,77,,False,,1,0
random,6,78,,False,,1,0
random,6,79,,False,,1,0
random,6,80,,False,,1,0
random,6,81,,False,,1,0
random,6,82,,False,,1,0
random,6,83,,False,,1,0
random,6,84,,False,,1,0
random,6,85,,False,,1,0
random,6,86,,False,,1,0
random,6,87,,False,,1,0
random,6,88,,False,,1,0
random,6,89,,False,,1,0
random,6,90,,False,,1,0
random,6,91,,False,,1,0
random,6,92,,False,,1,0
random,6,93,,False,,1,0
random,6,94,,False,,1,0
random,6,95,,False,,1,0
random,6,96,,False,,1,0
random,6,97,,False,,1,0
random,6,98,,False,,1,0
random,6,99,,False,,1,0
random,6,100,,False,,1,0
random,7,1,,False,,1,0
random,7,2,,False,,1,0
random,7,3,,False,,1,0
random,7,4,,False,,1,0
random,7,5,,False,,1,0
random,7,6,,False,,1,0
random,7,7,,False,,1,0
random,7,8,,False,,1,0
random,7,9,,False,,1,0
random,7,10,,False,,1,0
random,7,11,,False,,1,0
random,7,12,,False,,1,0
random,7,13,,False,,1,0
random,7,14,,False,,1,0
random,7,15,,False,,1,0
random,7,16,,False,,1,0
random,7,17,,False,,1,0
random,7,18,,False,,1,0
random,7,19,,False,,1,0
random,7,20,,False,,1,0
random,7,21,,False,,1,0
random,7,22,,False,,1,0
random,7,23,,False,,1,0
random,7,24,,False,,1,0
random,7,25,,False,,1,1
random,7,26,,False,,1,0
random,7,27,,False,,1,0
random,7,28,,False,,1,0
random,7,29,,False,,1,0
random,7,30,,False,,1,0
random,7,31,,False,,1,0
random,7,32,,False,,1,0
random,7,33,,False,,1,0
random,7,34,,False,,1,0
random,7,35,,False,,1,0
random,7,36,,False,,1,0
random,7,37,,False,,1,0
random,7,38,,False,,1,0
random,7,39,,False,,2,1
random,7,40,,False,,1,0
random,7,41,,False,,1,0
random,7,42,,False,,1,0
random,7,43,,False,,1,0
random,7,44,,False,,1,0
random,7,45,,False,,1,0
random,7,46,,False,,1,0
random,7,47,,False,,1,0
random,7,48,,False,,1,0
random,7,49,,False,,1,0
random,7,50,,False,,1,0
random,7,51,,False,,1,0
random,7,52,,False,,2,1
random,7,53,,False,,1,0
random,7,54,,False,,1,0
random,7,55,,False,,1,0
random,7,56,,False,,1,0
random,7,57,,False,,1,0
random,7,58,,False,,1,0
random,7,59,,False,,1,0
random,7,60,,False,,1,0
random,7,61,,False,,3,1
random,7,62,,False,,1,0
random,7,63,,False,,1,0
random,7,64,,False,,1,0
random,7,65,,False,,1,0
random,7,66,,False,,1,0
random,7,67,,False,,1,0
random,7,68,,False,,1,0
random,7,69,,False,,1,0
random,7,70,,False,,1,0
random,7,71,,False,,1,0
random,7,72,,False,,1,0
random,7,73,,False,,2,1
random,7,74,,False,,1,0
random,7,75,,False,,1,0
random,7,76,,False,,1,0
random,7,77,,False,,1,0
random,7,78,,False,,1,0
random,7,79,,False,,1,0
random,7,80,,False,,1,0
random,7,81,,False,,1,0
random,7,82,,False,,1,0
random,7,83,,False,,1,0
random,7,84,,False,,1,0
random,7,85,,False,,1,0
random,7,86,,False,,1,0
random,7,87,,False,,1,0
random,7,88,,False,,1,0
random,7,89,,False,,1,0
random,7,90,,False,,1,0
random,7,91,,False,,1,0
random,7,92,,False,,1,0
random,7,93,,False,,1,0
random,7,94,,False,,1,0
random,7,95,,False,,1,0
random,7,96,,False,,1,0
random,7,97,,False,,1,0
random,7,98,,False,,1,0
random,7,99,,False,,1,0
random,7,100,,False,,1,0
random,8,1,,False,,1,0
random,8,2,,False,,1,0
random,8,3,,False,,1,0
random,8,4,,False,,1,0
random,8,5,,False,,1,0
random,8,6,,False,,1,0
random,8,7,,False,,1,0
random,8,8,,False,,1,0
random,8,9,,False,,1,0
random,8,10,,False,,1,1
random,8,11,,False,,1,0
random,8,12,,False,,1,0
random,8,13,,False,,1,0
random,8,14,,False,,1,0
random,8,15,,False,,1,0
random,8,16,,False,,1,0
random,8,17,,False,,1,0
random,8,18,,False,,1,0
random,8,19,,False,,1,1
random,8,20,,False,,1,0
random,8,21,,False,,1,0
random,8,22,,False,,2,1
random,8,23,,False,,1,0
random,8,24,,False,,1,0
random,8,25,,False,,1,0
random,8,26,,False,,1,1
random,8,27,,False,,1,0
random,8,28,,False,,1,0
random,8,29,,False,,1,0
random,8,30,,False,,1,0
random,8,31,,False,,1,0
random,8,32,,False,,1,0
random,8,33,,False,,1,0
random,8,34,,False,,1,0
random,8,35,,False,,1,0
random,8,36,,False,,1,0
random,8,37,,False,,1,0
random,8,38,,False,,1,0
random,8,39,,False,,1,0
random,8,40,,False,,1,0
random,8,41,,False,,1,1
random,8,42,,False,,1,0
random,8,43,,False,,1,0
random,8,44,,False,,1,0
random,8,45,,False,,1,0
random,8,46,,False,,1,0
random,8,47,,False,,1,0
random,8,48,,False,,1,0
random,8,49,,False,,1,0
random,8,50,,False,,1,0
random,8,51,,False,,1,0
random,8,52,,False,,1,0
random,8,53,,False,,1,0
random,8,54,,False,,1,0
random,8,55,,False,,1,0
random,8,56,,False,,1,0
random,8,57,,False,,1,0
random,8,58,,False,,1,0
random,8,59,,False,,1,0
random,8,60,,False,,1,0
random,8,61,,False,,1,0
random,8,62,,False,,1,0
random,8,63,,False,,1,0
random,8,64,,False,,1,0
random,8,65,,False,,1,0
random,8,66,,False,,1,0
random,8,67,,False,,1,0
random,8,68,,False,,1,0
random,8,69,,False,,1,0
random,8,70,,False,,1,0
random,8,71,,False,,1,0
random,8,72,,False,,1,0
random,8,73,,False,,1,0
random,8,74,,False,,1,0
random,8,75,,False,,1,1
random,8,76,,False,,1,0
random,8,77,,False,,1,0
random,8,78,,False,,1,0
random,8,79,,False,,1,0
random,8,80,,False,,1,0
random,8,81,,False,,1,0
random,8,82,,False,,1,0
random,8,83,,False,,1,0
random,8,84,,False,,1,0
random,8,85,,False,,1,0
random,8,86,,False,,1,0
random,8,87,,False,,1,0
random,8,88,,False,,1,0
random,8,89,,False,,1,0
random,8,90,,False,,1,0
random,8,91,,False,,1,0
random,8,92,,False,,1,0
random,8,93,,False,,1,0
random,8,94,,False,,1,0
random,8,95,,False,,1,0
random,8,96,,False,,1,0
random,8,97,,False,,1,0
random,8,98,,False,,1,0
random,8,99,,False,,1,0
random,8,100,,False,,1,0
random,9,1,,False,,1,0
random,9,2,,False,,1,0
random,9,3,,False,,1,0
random,9,4,,False,,1,0
random,9,5,,False,,1,0
random,9,6,,False,,1,0
random,9,7,,False,,1,0
random,9,8,,False,,1,0
random,9,9,,False,,1,0
random,9,10,,False,,1,0
random,9,11,,False,,1,0
random,9,12,,False,,1,0
random,9,13,,False,,1,0
random,9,14,,False,,1,0
random,9,15,,False,,1,0
random,9,16,,False,,1,0
random,9,17,,False,,1,0
random,9,18,,False,,1,0
random,9,19,,False,,1,0
random,9,20,,False,,1,0
random,9,21,,False,,1,0
random,9,22,,False,,1,0
random,9,23,,False,,1,0
random,9,24,,False,,1,0
random,9,25,,False,,2,1
random,9,26,,False,,1,0
random,9,27,,False,,1,0
random,9,28,,False,,1,0
random,9,29,,False,,1,0
random,9,30,,False,,1,0
random,9,31,,False,,1,0
random,9,32,,False,,1,0
random,9,33,,False,,1,0
random,9,34,,False,,1,0
random,9,35,,False,,1,0
random,9,36,,False,,1,0
random,9,37,,False,,1,0
random,9,38,,False,,1,0
random,9,39,,False,,2,1
random,9,40,,False,,1,0
random,9,41,,False,,1,0
random,9,42,,False,,2,2
random,9,43,,False,,1,0
random,9,44,,False,,1,0
random,9,45,,False,,1,0
random,9,46,,False,,1,0
random,9,47,,False,,1,0
random,9,48,,False,,1,0
random,9,49,,False,,1,0
random,9,50,,False,,1,0
random,9,51,,False,,1,0
random,9,52,,False,,1,0
random,9,53,,False,,1,0
random,9,54,,False,,1,0
random,9,55,,False,,1,0
random,9,56,,False,,1,0
random,9,57,,False,,1,0
random,9,58,,False,,1,0
random,9,59,,False,,1,1
random,9,60,,False,,1,0
random,9,61,,False,,1,0
random,9,62,,False,,1,0
random,9,63,,False,,2,1
random,9,64,,False,,1,0
random,9,65,,False,,1,0
random,9,66,,False,,1,0
random,9,67,,False,,1,0
random,9,68,,False,,1,0
random,9,69,,False,,1,0
random,9,70,,False,,1,0
random,9,71,,False,,1,0
random,9,72,,False,,1,0
random,9,73,,False,,2,3
random,9,74,,False,,1,0
random,9,75,,False,,1,0
random,9,76,,False,,1,0
random,9,77,,False,,1,0
random,9,78,,False,,1,0
random,9,79,,False,,1,0
random,9,80,,False,,1,0
random,9,81,,False,,1,0
random,9,82,,False,,1,0
random,9,83,,False,,1,0
random,9,84,,False,,1,0
random,9,85,,False,,1,0
random,9,86,,False,,1,0
random,9,87,,False,,1,0
random,9,88,,False,,1,0
random,9,89,,False,,1,0
random,9,90,,False,,1,0
random,9,91,,False,,1,0
random,9,92,,False,,1,0
random,9,93,,False,,1,0
random,9,94,,False,,1,0
random,9,95,,False,,1,0
random,9,96,,False,,1,0
random,9,97,,False,,1,0
random,9,98,,False,,1,0
random,9,99,,False,,1,0
random,9,100,,False,,1,0
random,10,1,,False,,1,0
random,10,2,,False,,1,0
random,10,3,,False,,1,0
random,10,4,,False,,1,0
random,10,5,,False,,1,0
random,10,6,,False,,1,0
random,10,7,,False,,1,0
random,10,8,,False,,1,0
random,10,9,,False,,1,0
random,10,10,,False,,1,0
random,10,11,,False,,1,0
random,10,12,,False,,2,1
random,10,13,,False,,1,1
random,10,14,,False,,1,0
random,10,15,,False,,1,0
random,10,16,,False,,1,0
random,10,17,,False,,1,0
random,10,18,,False,,1,0
random,10,19,,False,,1,0
random,10,20,,False,,1,0
random,10,21,,False,,1,0
random,10,22,,False,,1,0
random,10,23,,False,,1,0
random,10,24,,False,,1,0
random,10,25,,False,,1,0
random,10,26,,False,,1,0
random,10,27,,False,,1,0
random,10,28,,False,,1,0
random,10,29,,False,,1,0
random,10,30,,False,,1,0
random,10,31,,False,,1,0
random,10,32,,False,,1,0
random,10,33,,False,,1,0
random,10,34,,False,,1,0
random,10,35,,False,,1,0
random,10,36,,False,,2,0
random,10,37,,False,,1,0
random,10,38,,False,,2,3
random,10,39,,False,,1,0
random,10,40,,False,,2,1
random,10,41,,False,,1,0
random,10,42,,False,,1,0
random,10,43,,False,,2,1
random,10,44,,False,,1,0
random,10,45,,False,,1,0
random,10,46,,False,,1,0
random,10,47,,False,,1,0
random,10,48,,False,,1,0
random,10,49,,False,,1,0
random,10,50,,False,,1,0
random,10,51,,False,,1,0
random,10,52,,False,,1,0
random,10,53,,False,,1,0
random,10,54,,False,,1,0
random,10,55,,False,,1,0
random,10,56,,False,,1,0
random,10,57,,False,,1,0
random,10,58,,False,,1,0
random,10,59,,False,,1,0
random,10,60,,False,,1,0
random,10,61,,False,,1,1
random,10,62,,False,,1,0
random,10,63,,False,,1,0
random,10,64,,False,,1,0
random,10,65,,False,,1,0
random,10,66,,False,,1,0
random,10,67,,False,,1,0
random,10,68,,False,,1,0
random,10,69,,False,,1,0
random,10,70,,False,,1,0
random,10,71,,False,,1,0
random,10,72,,False,,1,0
random,10,73,,False,,1,0
random,10,74,,False,,2,1
random,10,75,,False,,1,0
random,10,76,,False,,1,1
random,10,77,,False,,1,0
random,10,78,,False,,1,0
random,10,79,,False,,1,0
random,10,80,,False,,1,0
random,10,81,,False,,1,0
random,10,82,,False,,1,0
random,10,83,,False,,1,0
random,10,84,,False,,1,0
random,10,85,,False,,1,1
random,10,86,,False,,1,0
random,10,87,,False,,2,1
random,10,88,,False,,1,0
random,10,89,,False,,1,0
random,10,90,,False,,1,0
random,10,91,,False,,1,0
random,10,92,,False,,1,0
random,10,93,,False,,1,0
random,10,94,,False,,1,0
random,10,95,,False,,1,1
random,10,96,,False,,1,0
random,10,97,,False,,1,0
random,10,98,,False,,1,0
random,10,99,,False,,1,0
random,10,100,,False,,1,0
bayes,1,0,-1000000.0,False,,1,0
bayes,1,1,-1000000.0,False,,1,0
bayes,1,2,-1000000.0,False,,1,0
bayes,1,3,-1000000.0,False,,1,0
bayes,1,4,-1000000.0,False,,1,0
bayes,1,5,-1000000.0,False,,1,0
bayes,1,6,-1000000.0,False,,1,0
bayes,1,7,-1000000.0,False,,1,0
bayes,1,8,-1000000.0,False,,1,1
bayes,1,9,-1000000.0,False,,1,0
bayes,1,10,-1000000.0,False,,1,0
bayes,1,11,-1000000.0,False,,1,0
bayes,1,12,-1000000.0,False,,1,0
bayes,1,13,-1000000.0,False,,1,0
bayes,1,14,-1000000.0,False,,1,0
bayes,1,15,-1000000.0,False,,1,0
bayes,1,16,-1000000.0,False,,1,0
bayes,1,17,-1000000.0,False,,1,0
bayes,1,18,-1000000.0,False,,1,0
bayes,1,19,-1000000.0,False,,1,0
bayes,1,20,-1000000.0,False,,1,0
bayes,1,21,-1000000.0,False,,1,0
bayes,1,22,-1000000.0,False,,1,0
bayes,1,23,-1000000.0,False,,2,1
bayes,1,24,-1000000.0,False,,1,0
bayes,1,25,-1000000.0,False,,1,0
bayes,1,26,-1000000.0,False,,1,0
bayes,1,27,-1000000.0,False,,1,0
bayes,1,28,-1000000.0,False,,2,1
bayes,1,29,-1000000.0,False,,1,0
bayes,1,30,-1000000.0,False,,1,0
bayes,1,31,-1000000.0,False,,1,0
bayes,1,32,-1000000.0,False,,1,0
bayes,1,33,-1000000.0,False,,1,0
bayes,1,34,-1000000.0,False,,1,0
bayes,1,35,-1000000.0,False,,1,0
bayes,1,36,-1000000.0,False,,1,0
bayes,1,37,-1000000.0,False,,1,0
bayes,1,38,-1000000.0,False,,1,0
bayes,1,39,-1000000.0,False,,1,1
bayes,1,40,-1000000.0,False,,1,0
bayes,1,41,-1000000.0,False,,1,0
bayes,1,42,-1000000.0,False,,1,1
bayes,1,43,-1000000.0,False,,1,0
bayes,1,44,-1000000.0,False,,1,1
bayes,1,45,-1000000.0,False,,1,0
bayes,1,46,-1000000.0,False,,1,0
bayes,1,47,-1000000.0,False,,1,0
bayes,1,48,-1000000.0,False,,1,0
bayes,1,49,-1000000.0,False,,1,0
bayes,1,50,-1000000.0,False,,1,0
bayes,1,51,-1000000.0,False,,1,0
bayes,1,52,-1000000.0,False,,1,0
bayes,1,53,-1000000.0,False,,1,0
bayes,1,54,-1000000.0,False,,1,0
bayes,1,55,-1000000.0,False,,1,0
bayes,1,56,-1000000.0,False,,1,0
bayes,1,57,-1000000.0,False,,1,0
bayes,1,58,-1000000.0,False,,1,0
bayes,1,59,-1000000.0,False,,1,0
bayes,1,60,-1000000.0,False,,1,0
bayes,1,61,-1000000.0,False,,1,1
bayes,1,62,-1000000.0,False,,1,0
bayes,1,63,-1000000.0,False,,1,0
bayes,1,64,-1000000.0,False,,1,0
bayes,1,65,-1000000.0,False,,1,0
bayes,1,66,-1000000.0,False,,1,1
bayes,1,67,-1000000.0,False,,1,0
bayes,1,68,-1000000.0,False,,1,0
bayes,1,69,-1000000.0,False,,1,0
bayes,1,70,-1000000.0,False,,1,0
bayes,1,71,-1000000.0,False,,1,0
bayes,1,72,-1000000.0,False,,1,0
bayes,1,73,-1000000.0,False,,1,0
bayes,1,74,-1000000.0,False,,1,0
bayes,1,75,-1000000.0,False,,1,0
bayes,1,76,-1000000.0,False,,1,0
bayes,1,77,-1000000.0,False,,1,1
bayes,1,78,-1000000.0,False,,1,0
bayes,1,79,-1000000.0,False,,1,0
bayes,1,80,-1000000.0,False,,1,0
bayes,1,81,-1000000.0,False,,1,0
bayes,1,82,-1000000.0,False,,1,0
bayes,1,83,-1000000.0,False,,1,0
bayes,1,84,-1000000.0,False,,1,0
bayes,1,85,-1000000.0,False,,1,0
bayes,1,86,-1000000.0,False,,1,0
bayes,1,87,-1000000.0,False,,1,0
bayes,1,88,-1000000.0,False,,1,0
bayes,1,89,-1000000.0,False,,1,0
bayes,1,90,-1000000.0,False,,1,0
bayes,1,91,-1000000.0,False,,1,0
bayes,1,92,-1000000.0,False,,1,0
bayes,1,93,-1000000.0,False,,1,0
bayes,1,94,-1000000.0,False,,1,0
bayes,1,95,-1000000.0,False,,1,0
bayes,1,96,-1000000.0,False,,2,1
bayes,1,97,-1000000.0,False,,1,0
bayes,1,98,-1000000.0,False,,1,0
bayes,1,99,-1000000.0,False,,1,0
bayes,1,100,-1000000.0,False,,1,0
bayes,2,0,-1000000.0,False,,1,0
bayes,2,1,-1000000.0,False,,1,0
bayes,2,2,-1000000.0,False,,1,0
bayes,2,3,-1000000.0,False,,1,0
bayes,2,4,-1000000.0,False,,1,0
bayes,2,5,-1000000.0,False,,1,0
bayes,2,6,-1000000.0,False,,1,0
bayes,2,7,-1000000.0,False,,1,0
bayes,2,8,-1000000.0,False,,1,0
bayes,2,9,-1000000.0,False,,1,0
bayes,2,10,-1000000.0,False,,1,0
bayes,2,11,-1000000.0,False,,1,0
bayes,2,12,-1000000.0,False,,1,0
bayes,2,13,-1000000.0,False,,1,0
bayes,2,14,-1000000.0,False,,1,0
bayes,2,15,-1000000.0,False,,1,0
bayes,2,16,-1000000.0,False,,2,1
bayes,2,17,-1000000.0,False,,1,0
bayes,2,18,-1000000.0,False,,1,0
bayes,2,19,-1000000.0,False,,1,0
bayes,2,20,-1000000.0,False,,1,0
bayes,2,21,-1000000.0,False,,1,0
bayes,2,22,-1000000.0,False,,2,2
bayes,2,23,-1000000.0,False,,1,0
bayes,2,24,-1000000.0,False,,2,1
bayes,2,25,-1000000.0,False,,2,3
bayes,2,26,-1000000.0,False,,1,0
bayes,2,27,-1000000.0,False,,1,0
bayes,2,28,-1000000.0,False,,1,0
bayes,2,29,-1000000.0,False,,1,0
bayes,2,30,-1000000.0,False,,1,0
bayes,2,31,-1000000.0,False,,1,0
bayes,2,32,-1000000.0,False,,1,0
bayes,2,33,-1000000.0,False,,2,1
bayes,2,34,-1000000.0,False,,1,0
bayes,2,35,-1000000.0,False,,1,0
bayes,2,36,-1000000.0,False,,1,0
bayes,2,37,-1000000.0,False,,1,0
bayes,2,38,-1000000.0,False,,1,0
bayes,2,39,-1000000.0,False,,1,0
bayes,2,40,-1000000.0,False,,1,0
bayes,2,41,-1000000.0,False,,1,0
bayes,2,42,-1000000.0,False,,1,0
bayes,2,43,-1000000.0,False,,1,0
bayes,2,44,-1000000.0,False,,2,1
bayes,2,45,-1000000.0,False,,1,0
bayes,2,46,-1000000.0,False,,1,0
bayes,2,47,-1000000.0,False,,1,0
bayes,2,48,-1000000.0,False,,1,0
bayes,2,49,-1000000.0,False,,1,0
bayes,2,50,-1000000.0,False,,1,0
bayes,2,51,-1000000.0,False,,1,0
bayes,2,52,-1000000.0,False,,2,2
bayes,2,53,-1000000.0,False,,1,0
bayes,2,54,-1000000.0,False,,1,0
bayes,2,55,-1000000.0,False,,1,0
bayes,2,56,-1000000.0,False,,2,1
bayes,2,57,-1000000.0,False,,1,0
bayes,2,58,-1000000.0,False,,1,0
bayes,2,59,-1000000.0,False,,1,0
bayes,2,60,-1000000.0,False,,1,0
bayes,2,61,-1000000.0,False,,1,0
bayes,2,62,-1000000.0,False,,1,0
bayes,2,63,-1000000.0,False,,1,0
bayes,2,64,-1000000.0,False,,2,2
bayes,2,65,-1000000.0,False,,1,0
bayes,2,66,-1000000.0,False,,1,0
bayes,2,67,-1000000.0,False,,1,0
bayes,2,68,-1000000.0,False,,1,0
bayes,2,69,-1000000.0,False,,1,0
bayes,2,70,-1000000.0,False,,1,0
bayes,2,71,-1000000.0,False,,1,0
bayes,2,72,-1000000.0,False,,1,0
bayes,2,73,-1000000.0,False,,1,0
bayes,2,74,-1000000.0,False,,1,0
bayes,2,75,-1000000.0,False,,1,0
bayes,2,76,-1000000.0,False,,2,2
bayes,2,77,-1000000.0,False,,1,0
bayes,2,78,-1000000.0,False,,2,1
bayes,2,79,-1000000.0,False,,1,0
bayes,2,80,-1000000.0,False,,1,0
bayes,2,81,-1000000.0,False,,1,0
bayes,2,82,-1000000.0,False,,1,0
bayes,2,83,-1000000.0,False,,1,0
bayes,2,84,-1000000.0,False,,1,0
bayes,2,85,-1000000.0,False,,1,0
bayes,2,86,-1000000.0,False,,1,0
bayes,2,87,-1000000.0,False,,1,0
bayes,2,88,-1000000.0,False,,1,0
bayes,2,89,-1000000.0,False,,2,1
bayes,2,90,-1000000.0,False,,1,0
bayes,2,91,-1000000.0,False,,1,0
bayes,2,92,-1000000.0,False,,1,0
bayes,2,93,-1000000.0,False,,1,0
bayes,2,94,-1000000.0,False,,1,0
bayes,2,95,-1000000.0,False,,2,2
bayes,2,96,-1000000.0,False,,1,0
bayes,2,97,-1000000.0,False,,1,0
bayes,2,98,-1000000.0,False,,1,0
bayes,2,99,-1000000.0,False,,1,0
bayes,2,100,-1000000.0,False,,1,0
bayes,3,0,-1000000.0,False,,1,0
bayes,3,1,-1000000.0,False,,1,0
bayes,3,2,-1000000.0,False,,1,0
bayes,3,3,-1000000.0,False,,1,0
bayes,3,4,-1000000.0,False,,1,0
bayes,3,5,-1000000.0,False,,1,0
bayes,3,6,-1000000.0,False,,1,0
bayes,3,7,-1000000.0,False,,2,2
bayes,3,8,-1000000.0,False,,1,0
bayes,3,9,-1000000.0,False,,1,0
bayes,3,10,-1000000.0,False,,1,0
bayes,3,11,-1000000.0,False,,1,0
bayes,3,12,-1000000.0,False,,1,0
bayes,3,13,-1000000.0,False,,2,2
bayes,3,14,-1000000.0,False,,2,3
bayes,3,15,-1000000.0,False,,1,0
bayes,3,16,-1000000.0,False,,1,0
bayes,3,17,-1000000.0,False,,1,0
bayes,3,18,-1000000.0,False,,1,0
bayes,3,19,-1000000.0,False,,1,0
bayes,3,20,-1000000.0,False,,2,2
bayes,3,21,-1000000.0,False,,1,0
bayes,3,22,-1000000.0,False,,2,1
bayes,3,23,-1000000.0,False,,1,0
bayes,3,24,-1000000.0,False,,1,0
bayes,3,25,-1000000.0,False,,1,0
bayes,3,26,-1000000.0,False,,1,0
bayes,3,27,-1000000.0,False,,1,0
bayes,3,28,-1000000.0,False,,2,1
bayes,3,29,-1000000.0,False,,1,0
bayes,3,30,-1000000.0,False,,1,0
bayes,3,31,-1000000.0,False,,1,0
bayes,3,32,-1000000.0,False,,1,0
bayes,3,33,-1000000.0,False,,1,0
bayes,3,34,-1000000.0,False,,1,0
bayes,3,35,-1000000.0,False,,1,0
bayes,3,36,-1000000.0,False,,1,0
bayes,3,37,-1000000.0,False,,2,1
bayes,3,38,-1000000.0,False,,2,1
bayes,3,39,-1000000.0,False,,1,0
bayes,3,40,-1000000.0,False,,2,1
bayes,3,41,-1000000.0,False,,1,0
bayes,3,42,-1000000.0,False,,1,0
bayes,3,43,-1000000.0,False,,1,0
bayes,3,44,-1000000.0,False,,1,0
bayes,3,45,-1000000.0,False,,1,0
bayes,3,46,-1000000.0,False,,1,0
bayes,3,47,-1000000.0,False,,1,0
bayes,3,48,-1000000.0,False,,1,0
bayes,3,49,-1000000.0,False,,1,0
bayes,3,50,-1000000.0,False,,1,0
bayes,3,51,-1000000.0,False,,1,0
bayes,3,52,-1000000.0,False,,1,0
bayes,3,53,-1000000.0,False,,1,0
bayes,3,54,-1000000.0,False,,2,2
bayes,3,55,-1000000.0,False,,1,0
bayes,3,56,-1000000.0,False,,1,0
bayes,3,57,-1000000.0,False,,1,1
bayes,3,58,-1000000.0,False,,1,0
bayes,3,59,-1000000.0,False,,1,0
bayes,3,60,-1000000.0,False,,1,0
bayes,3,61,-1000000.0,False,,1,0
bayes,3,62,-1000000.0,False,,2,2
bayes,3,63,-1000000.0,False,,2,2
bayes,3,64,-1000000.0,False,,1,0
bayes,3,65,-1000000.0,False,,1,0
bayes,3,66,-1000000.0,False,,1,0
bayes,3,67,-1000000.0,False,,1,0
bayes,3,68,-1000000.0,False,,1,0
bayes,3,69,-1000000.0,False,,1,0
bayes,3,70,-1000000.0,False,,1,0
bayes,3,71,-1000000.0,False,,1,0
bayes,3,72,-1000000.0,False,,1,0
bayes,3,73,-1000000.0,False,,2,1
bayes,3,74,-1000000.0,False,,1,0
bayes,3,75,-1000000.0,False,,1,0
bayes,3,76,-1000000.0,False,,1,0
bayes,3,77,-1000000.0,False,,1,0
bayes,3,78,-1000000.0,False,,1,0
bayes,3,79,-1000000.0,False,,1,0
bayes,3,80,-1000000.0,False,,1,0
bayes,3,81,-1000000.0,False,,1,0
bayes,3,82,-1000000.0,False,,1,0
bayes,3,83,-1000000.0,False,,1,0
bayes,3,84,-1000000.0,False,,1,0
bayes,3,85,-1000000.0,False,,1,0
bayes,3,86,-1000000.0,False,,2,2
bayes,3,87,-1000000.0,False,,1,0
bayes,3,88,-1000000.0,False,,2,2
bayes,3,89,-1000000.0,False,,1,0
bayes,3,90,-1000000.0,False,,1,0
bayes,3,91,-1000000.0,False,,1,0
bayes,3,92,-1000000.0,False,,1,0
bayes,3,93,-1000000.0,False,,1,0
bayes,3,94,-1000000.0,False,,2,1
bayes,3,95,-1000000.0,False,,1,0
bayes,3,96,-1000000.0,False,,1,0
bayes,3,97,-1000000.0,False,,1,0
bayes,3,98,-1000000.0,False,,1,0
bayes,3,99,-1000000.0,False,,1,0
bayes,3,100,-1000000.0,False,,1,0
bayes,4,0,-1000000.0,False,,1,0
bayes,4,1,-1000000.0,False,,1,0
bayes,4,2,-1000000.0,False,,1,0
bayes,4,3,-1000000.0,False,,1,0
bayes,4,4,-1000000.0,False,,2,2
bayes,4,5,-1000000.0,False,,1,0
bayes,4,6,-1000000.0,False,,1,0
bayes,4,7,-1000000.0,False,,1,0
bayes,4,8,-1000000.0,False,,1,0
bayes,4,9,-1000000.0,False,,1,0
bayes,4,10,-1000000.0,False,,1,0
bayes,4,11,-1000000.0,False,,1,0
bayes,4,12,-1000000.0,False,,1,0
bayes,4,13,-1000000.0,False,,1,0
bayes,4,14,-1000000.0,False,,1,0
bayes,4,15,-1000000.0,False,,1,0
bayes,4,16,-1000000.0,False,,1,0
bayes,4,17,-1000000.0,False,,1,0
bayes,4,18,-1000000.0,False,,1,0
bayes,4,19,-1000000.0,False,,1,0
bayes,4,20,-1000000.0,False,,1,0
bayes,4,21,-1000000.0,False,,1,1
bayes,4,22,-1000000.0,False,,1,0
bayes,4,23,-1000000.0,False,,1,1
bayes,4,24,-1000000.0,False,,1,0
bayes,4,25,-1000000.0,False,,1,0
bayes,4,26,-1000000.0,False,,1,0
bayes,4,27,-1000000.0,False,,1,0
bayes,4,28,-1000000.0,False,,1,0
bayes,4,29,-1000000.0,False,,1,0
bayes,4,30,-1000000.0,False,,1,0
bayes,4,31,-1000000.0,False,,1,0
bayes,4,32,-1000000.0,False,,1,0
bayes,4,33,-1000000.0,False,,1,1
bayes,4,34,-1000000.0,False,,1,0
bayes,4,35,-1000000.0,False,,1,1
bayes,4,36,-1000000.0,False,,1,0
bayes,4,37,-1000000.0,False,,1,1
bayes,4,38,-1000000.0,False,,1,0
bayes,4,39,-1000000.0,False,,1,0
bayes,4,40,-1000000.0,False,,1,0
bayes,4,41,-1000000.0,False,,1,0
bayes,4,42,-1000000.0,False,,1,0
bayes,4,43,-1000000.0,False,,1,0
bayes,4,44,-1000000.0,False,,1,0
bayes,4,45,-1000000.0,False,,1,0
bayes,4,46,-1000000.0,False,,1,0
bayes,4,47,-1000000.0,False,,1,0
bayes,4,48,-1000000.0,False,,1,0
bayes,4,49,-1000000.0,False,,1,0
bayes,4,50,-1000000.0,False,,1,0
bayes,4,51,-1000000.0,False,,1,0
bayes,4,52,-1000000.0,False,,1,0
bayes,4,53,-1000000.0,False,,1,0
bayes,4,54,-1000000.0,False,,1,0
bayes,4,55,-1000000.0,False,,1,0
bayes,4,56,-1000000.0,False,,1,0
bayes,4,57,-1000000.0,False,,1,0
bayes,4,58,-1000000.0,False,,1,0
bayes,4,59,-1000000.0,False,,1,0
bayes,4,60,-1000000.0,False,,1,0
bayes,4,61,-1000000.0,False,,1,1
bayes,4,62,-1000000.0,False,,1,0
bayes,4,63,-1000000.0,False,,2,1
bayes,4,64,-1000000.0,False,,1,0
bayes,4,65,-1000000.0,False,,1,0
bayes,4,66,-1000000.0,False,,1,0
bayes,4,67,-1000000.0,False,,1,0
bayes,4,68,-1000000.0,False,,2,2
bayes,4,69,-1000000.0,False,,1,0
bayes,4,70,-1000000.0,False,,1,0
bayes,4,71,-1000000.0,False,,1,0
bayes,4,72,-1000000.0,False,,1,0
bayes,4,73,-1000000.0,False,,1,1
bayes,4,74,-1000000.0,False,,1,0
bayes,4,75,-1000000.0,False,,1,0
bayes,4,76,-1000000.0,False,,1,0
bayes,4,77,-1000000.0,False,,1,1
bayes,4,78,-1000000.0,False,,1,0
bayes,4,79,-1000000.0,False,,1,0
bayes,4,80,-1000000.0,False,,1,1
bayes,4,81,-1000000.0,False,,1,0
bayes,4,82,-1000000.0,False,,1,0
bayes,4,83,-1000000.0,False,,1,0
bayes,4,84,-1000000.0,False,,1,0
bayes,4,85,-1000000.0,False,,1,0
bayes,4,86,-1000000.0,False,,1,0
bayes,4,87,-1000000.0,False,,1,0
bayes,4,88,-1000000.0,False,,1,0
bayes,4,89,-1000000.0,False,,1,0
bayes,4,90,-1000000.0,False,,1,1
bayes,4,91,-1000000.0,False,,1,0
bayes,4,92,-1000000.0,False,,1,0
bayes,4,93,-1000000.0,False,,1,0
bayes,4,94,-1000000.0,False,,1,0
bayes,4,95,-1000000.0,False,,1,0
bayes,4,96,-1000000.0,False,,1,0
bayes,4,97,-1000000.0,False,,1,0
bayes,4,98,-1000000.0,False,,2,1
bayes,4,99,-1000000.0,False,,1,0
bayes,4,100,-1000000.0,False,,1,0
bayes,5,0,-1000000.0,False,,2,1
bayes,5,1,-1000000.0,False,,1,0
bayes,5,2,-1000000.0,False,,1,0
bayes,5,3,-1000000.0,False,,1,0
bayes,5,4,-1000000.0,False,,1,0
bayes,5,5,-1000000.0,False,,2,2
bayes,5,6,-1000000.0,False,,1,0
bayes,5,7,-1000000.0,False,,1,0
bayes,5,8,-1000000.0,False,,1,0
bayes,5,9,-1000000.0,False,,1,0
bayes,5,10,-1000000.0,False,,1,0
bayes,5,11,-1000000.0,False,,1,0
bayes,5,12,-1000000.0,False,,1,1
bayes,5,13,-1000000.0,False,,1,0
bayes,5,14,-1000000.0,False,,1,0
bayes,5,15,-1000000.0,False,,2,1
bayes,5,16,-1000000.0,False,,1,0
bayes,5,17,-1000000.0,False,,1,0
bayes,5,18,-1000000.0,False,,1,0
bayes,5,19,-1000000.0,False,,2,1
bayes,5,20,-1000000.0,False,,1,0
bayes,5,21,-1000000.0,False,,1,0
bayes,5,22,-1000000.0,False,,1,0
bayes,5,23,-1000000.0,False,,1,0
bayes,5,24,-1000000.0,False,,1,0
bayes,5,25,-1000000.0,False,,1,0
bayes,5,26,-1000000.0,False,,1,0
bayes,5,27,-1000000.0,False,,1,0
bayes,5,28,-1000000.0,False,,1,0
bayes,5,29,-1000000.0,False,,1,0
bayes,5,30,-1000000.0,False,,1,0
bayes,5,31,-1000000.0,False,,1,0
bayes,5,32,-1000000.0,False,,1,0
bayes,5,33,-1000000.0,False,,1,0
bayes,5,34,-1000000.0,False,,1,0
bayes,5,35,-1000000.0,False,,1,0
bayes,5,36,-1000000.0,False,,1,0
bayes,5,37,-1000000.0,False,,1,0
bayes,5,38,-1000000.0,False,,1,0
bayes,5,39,-1000000.0,False,,1,0
bayes,5,40,-1000000.0,False,,1,0
bayes,5,41,-1000000.0,False,,1,0
bayes,5,42,-1000000.0,False,,1,0
bayes,5,43,-1000000.0,False,,1,0
bayes,5,44,-1000000.0,False,,1,0
bayes,5,45,-1000000.0,False,,1,0
bayes,5,46,-1000000.0,False,,1,0
bayes,5,47,-1000000.0,False,,1,0
bayes,5,48,-1000000.0,False,,1,0
bayes,5,49,-1000000.0,False,,1,0
bayes,5,50,-1000000.0,False,,1,0
bayes,5,51,-1000000.0,False,,1,0
bayes,5,52,-1000000.0,False,,1,0
bayes,5,53,-1000000.0,False,,1,0
bayes,5,54,-1000000.0,False,,1,0
bayes,5,55,-1000000.0,False,,2,1
bayes,5,56,-1000000.0,False,,1,0
bayes,5,57,-1000000.0,False,,1,0
bayes,5,58,-1000000.0,False,,1,0
bayes,5,59,-1000000.0,False,,1,0
bayes,5,60,-1000000.0,False,,1,0
bayes,5,61,-1000000.0,False,,1,0
bayes,5,62,-1000000.0,False,,1,0
bayes,5,63,-1000000.0,False,,1,0
bayes,5,64,-1000000.0,False,,1,0
bayes,5,65,-1000000.0,False,,1,0
bayes,5,66,-1000000.0,False,,1,0
bayes,5,67,-1000000.0,False,,1,0
bayes,5,68,-1000000.0,False,,2,0
bayes,5,69,-1000000.0,False,,1,0
bayes,5,70,-1000000.0,False,,1,0
bayes,5,71,-1000000.0,False,,1,0
bayes,5,72,-1000000.0,False,,1,0
bayes,5,73,-1000000.0,False,,1,0
bayes,5,74,-1000000.0,False,,1,0
bayes,5,75,-1000000.0,False,,1,0
bayes,5,76,-1000000.0,False,,1,0
bayes,5,77,-1000000.0,False,,1,0
bayes,5,78,-1000000.0,False,,1,0
bayes,5,79,-1000000.0,False,,1,0
bayes,5,80,-1000000.0,False,,1,0
bayes,5,81,-1000000.0,False,,1,0
bayes,5,82,-1000000.0,False,,1,0
bayes,5,83,-1000000.0,False,,1,0
bayes,5,84,-1000000.0,False,,1,0
bayes,5,85,-1000000.0,False,,1,0
bayes,5,86,-1000000.0,False,,1,0
bayes,5,87,-1000000.0,False,,1,0
bayes,5,88,-1000000.0,False,,1,0
bayes,5,89,-1000000.0,False,,1,0
bayes,5,90,-1000000.0,False,,1,0
bayes,5,91,-1000000.0,False,,1,0
bayes,5,92,-1000000.0,False,,1,0
bayes,5,93,-1000000.0,False,,1,0
bayes,5,94,-1000000.0,False,,1,0
bayes,5,95,-1000000.0,False,,1,0
bayes,5,96,-1000000.0,False,,1,0
bayes,5,97,-1000000.0,False,,1,0
bayes,5,98,-1000000.0,False,,1,0
bayes,5,99,-1000000.0,False,,1,0
bayes,5,100,-1000000.0,False,,1,0
bayes,6,0,-1000000.0,False,,1,0
bayes,6,1,-1000000.0,False,,1,0
bayes,6,2,-1000000.0,False,,2,2
bayes,6,3,-1000000.0,False,,1,0
bayes,6,4,-1000000.0,False,,1,0
bayes,6,5,-1000000.0,False,,1,0
bayes,6,6,-1000000.0,False,,1,0
bayes,6,7,-1000000.0,False,,1,0
bayes,6,8,-1000000.0,False,,1,0
bayes,6,9,-1000000.0,False,,1,0
bayes,6,10,-1000000.0,False,,1,0
bayes,6,11,-1000000.0,False,,1,0
bayes,6,12,-1000000.0,False,,1,0
bayes,6,13,-1000000.0,False,,2,2
bayes,6,14,-1000000.0,False,,1,0
bayes,6,15,-1000000.0,False,,1,0
bayes,6,16,-1000000.0,False,,1,0
bayes,6,17,-1000000.0,False,,1,0
bayes,6,18,-1000000.0,False,,1,0
bayes,6,19,-1000000.0,False,,1,0
bayes,6,20,-1000000.0,False,,1,0
bayes,6,21,-1000000.0,False,,1,0
bayes,6,22,-1000000.0,False,,1,0
bayes,6,23,-1000000.0,False,,1,0
bayes,6,24,-1000000.0,False,,1,0
bayes,6,25,-1000000.0,False,,1,0
bayes,6,26,-1000000.0,False,,1,0
bayes,6,27,-1000000.0,False,,1,0
bayes,6,28,-1000000.0,False,,1,0
bayes,6,29,-1000000.0,False,,1,0
bayes,6,30,-1000000.0,False,,1,1
bayes,6,31,-1000000.0,False,,1,0
bayes,6,32,-1000000.0,False,,1,0
bayes,6,33,-1000000.0,False,,2,1
bayes,6,34,-1000000.0,False,,1,0
bayes,6,35,-1000000.0,False,,2,2
bayes,6,36,-1000000.0,False,,1,0
bayes,6,37,-1000000.0,False,,1,0
bayes,6,38,-1000000.0,False,,2,1
bayes,6,39,-1000000.0,False,,1,0
bayes,6,40,-1000000.0,False,,1,0
bayes,6,41,-1000000.0,False,,1,1
bayes,6,42,-1000000.0,False,,1,0
bayes,6,43,-1000000.0,False,,1,0
bayes,6,44,-1000000.0,False,,1,0
bayes,6,45,-1000000.0,False,,1,0
bayes,6,46,-1000000.0,False,,1,0
bayes,6,47,-1000000.0,False,,2,2
bayes,6,48,-1000000.0,False,,1,0
bayes,6,49,-1000000.0,False,,1,0
bayes,6,50,-1000000.0,False,,1,1
bayes,6,51,-1000000.0,False,,1,0
bayes,6,52,-1000000.0,False,,1,0
bayes,6,53,-1000000.0,False,,1,0
bayes,6,54,-1000000.0,False,,1,0
bayes,6,55,-1000000.0,False,,1,0
bayes,6,56,-1000000.0,False,,1,0
bayes,6,57,-1000000.0,False,,2,2
bayes,6,58,-1000000.0,False,,1,0
bayes,6,59,-1000000.0,False,,1,0
bayes,6,60,-1000000.0,False,,1,0
bayes,6,61,-1000000.0,False,,1,0
bayes,6,62,-1000000.0,False,,1,0
bayes,6,63,-1000000.0,False,,1,0
bayes,6,64,-1000000.0,False,,2,2
bayes,6,65,-1000000.0,False,,2,1
bayes,6,66,-1000000.0,False,,1,0
bayes,6,67,-1000000.0,False,,1,0
bayes,6,68,-1000000.0,False,,1,0
bayes,6,69,-1000000.0,False,,1,0
bayes,6,70,-1000000.0,False,,1,0
bayes,6,71,-1000000.0,False,,1,0
bayes,6,72,-1000000.0,False,,1,0
bayes,6,73,-1000000.0,False,,1,0
bayes,6,74,-1000000.0,False,,1,0
bayes,6,75,-1000000.0,False,,1,0
bayes,6,76,-1000000.0,False,,1,0
bayes,6,77,-1000000.0,False,,1,0
bayes,6,78,-1000000.0,False,,1,0
bayes,6,79,-1000000.0,False,,1,0
bayes,6,80,-1000000.0,False,,1,0
bayes,6,81,-1000000.0,False,,1,0
bayes,6,82,-1000000.0,False,,1,0
bayes,6,83,-1000000.0,False,,1,0
bayes,6,84,-1000000.0,False,,1,0
bayes,6,85,-1000000.0,False,,1,0
bayes,6,86,-1000000.0,False,,1,0
bayes,6,87,-1000000.0,False,,2,2
bayes,6,88,-1000000.0,False,,1,0
bayes,6,89,-1000000.0,False,,1,0
bayes,6,90,-1000000.0,False,,1,0
bayes,6,91,-1000000.0,False,,1,0
bayes,6,92,-1000000.0,False,,1,0
bayes,6,93,-1000000.0,False,,1,0
bayes,6,94,-1000000.0,False,,1,0
bayes,6,95,-1000000.0,False,,1,0
bayes,6,96,-1000000.0,False,,1,0
bayes,6,97,-1000000.0,False,,2,1
bayes,6,98,-1000000.0,False,,1,0
bayes,6,99,-1000000.0,False,,1,0
bayes,6,100,-1000000.0,False,,1,0
bayes,7,0,-1000000.0,False,,1,0
bayes,7,1,-1000000.0,False,,1,0
bayes,7,2,-1000000.0,False,,1,0
bayes,7,3,-1000000.0,False,,1,0
bayes,7,4,-1000000.0,False,,1,0
bayes,7,5,-1000000.0,False,,1,0
bayes,7,6,-1000000.0,False,,1,0
bayes,7,7,-1000000.0,False,,1,1
bayes,7,8,-1000000.0,False,,1,0
bayes,7,9,-1000000.0,False,,1,0
bayes,7,10,-1000000.0,False,,1,0
bayes,7,11,-1000000.0,False,,1,0
bayes,7,12,-1000000.0,False,,1,0
bayes,7,13,-1000000.0,False,,1,0
bayes,7,14,-1000000.0,False,,1,0
bayes,7,15,-1000000.0,False,,2,1
bayes,7,16,-1000000.0,False,,1,0
bayes,7,17,-1000000.0,False,,1,0
bayes,7,18,-1000000.0,False,,1,1
bayes,7,19,-1000000.0,False,,1,0
bayes,7,20,-1000000.0,False,,1,0
bayes,7,21,-1000000.0,False,,1,0
bayes,7,22,-1000000.0,False,,1,0
bayes,7,23,-1000000.0,False,,1,0
bayes,7,24,-1000000.0,False,,1,0
bayes,7,25,-1000000.0,False,,1,0
bayes,7,26,-1000000.0,False,,1,0
bayes,7,27,-1000000.0,False,,1,0
bayes,7,28,-1000000.0,False,,1,0
bayes,7,29,-1000000.0,False,,1,0
bayes,7,30,-1000000.0,False,,1,0
bayes,7,31,-1000000.0,False,,1,0
bayes,7,32,-1000000.0,False,,1,0
bayes,7,33,-1000000.0,False,,1,0
bayes,7,34,-1000000.0,False,,1,0
bayes,7,35,-1000000.0,False,,1,0
bayes,7,36,-1000000.0,False,,1,0
bayes,7,37,-1000000.0,False,,1,0
bayes,7,38,-1000000.0,False,,1,0
bayes,7,39,-1000000.0,False,,1,0
bayes,7,40,-1000000.0,False,,1,0
bayes,7,41,-1000000.0,False,,1,0
bayes,7,42,-1000000.0,False,,1,0
bayes,7,43,-1000000.0,False,,1,0
bayes,7,44,-1000000.0,False,,1,0
bayes,7,45,-1000000.0,False,,1,0
bayes,7,46,-1000000.0,False,,1,0
bayes,7,47,-1000000.0,False,,1,0
bayes,7,48,-1000000.0,False,,1,0
bayes,7,49,-1000000.0,False,,1,0
bayes,7,50,-1000000.0,False,,1,0
bayes,7,51,-1000000.0,False,,1,0
bayes,7,52,-1000000.0,False,,1,0
bayes,7,53,-1000000.0,False,,1,0
bayes,7,54,-1000000.0,False,,1,0
bayes,7,55,-1000000.0,False,,1,0
bayes,7,56,-1000000.0,False,,1,0
bayes,7,57,-1000000.0,False,,2,1
bayes,7,58,-1000000.0,False,,1,0
bayes,7,59,-1000000.0,False,,1,0
bayes,7,60,-1000000.0,False,,1,0
bayes,7,61,-1000000.0,False,,1,0
bayes,7,62,-1000000.0,False,,1,0
bayes,7,63,-1000000.0,False,,1,0
bayes,7,64,-1000000.0,False,,1,0
bayes,7,65,-1000000.0,False,,2,1
bayes,7,66,-1000000.0,False,,1,0
bayes,7,67,-1000000.0,False,,1,0
bayes,7,68,-1000000.0,False,,1,0
bayes,7,69,-1000000.0,False,,1,0
bayes,7,70,-1000000.0,False,,1,0
bayes,7,71,-1000000.0,False,,1,1
bayes,7,72,-1000000.0,False,,2,2
bayes,7,73,-1000000.0,False,,1,0
bayes,7,74,-1000000.0,False,,1,0
bayes,7,75,-1000000.0,False,,1,0
bayes,7,76,-1000000.0,False,,1,0
bayes,7,77,-1000000.0,False,,1,0
bayes,7,78,-1000000.0,False,,1,0
bayes,7,79,-1000000.0,False,,1,0
bayes,7,80,-1000000.0,False,,1,0
bayes,7,81,-1000000.0,False,,1,0
bayes,7,82,-1000000.0,False,,1,0
bayes,7,83,-1000000.0,False,,1,0
bayes,7,84,-1000000.0,False,,1,0
bayes,7,85,-1000000.0,False,,1,1
bayes,7,86,-1000000.0,False,,1,0
bayes,7,87,-1000000.0,False,,1,0
bayes,7,88,-1000000.0,False,,1,0
bayes,7,89,-1000000.0,False,,1,0
bayes,7,90,-1000000.0,False,,1,0
bayes,7,91,-1000000.0,False,,1,0
bayes,7,92,-1000000.0,False,,1,0
bayes,7,93,-1000000.0,False,,1,0
bayes,7,94,-1000000.0,False,,1,0
bayes,7,95,-1000000.0,False,,1,0
bayes,7,96,-1000000.0,False,,1,0
bayes,7,97,-1000000.0,False,,1,0
bayes,7,98,-1000000.0,False,,1,0
bayes,7,99,-1000000.0,False,,1,0
bayes,7,100,-1000000.0,False,,1,0
bayes,8,0,-1000000.0,False,,1,0
bayes,8,1,-1000000.0,False,,1,0
bayes,8,2,-1000000.0,False,,1,0
bayes,8,3,-1000000.0,False,,1,0
bayes,8,4,-1000000.0,False,,1,0
bayes,8,5,-1000000.0,False,,2,1
bayes,8,6,-1000000.0,False,,1,0
bayes,8,7,-1000000.0,False,,1,0
bayes,8,8,-1000000.0,False,,2,1
bayes,8,9,-1000000.0,False,,1,0
bayes,8,10,-1000000.0,False,,1,0
bayes,8,11,-1000000.0,False,,1,0
bayes,8,12,-1000000.0,False,,1,0
bayes,8,13,-1000000.0,False,,1,0
bayes,8,14,-1000000.0,False,,1,0
bayes,8,15,-1000000.0,False,,1,0
bayes,8,16,-1000000.0,False,,1,0
bayes,8,17,-1000000.0,False,,1,0
bayes,8,18,-1000000.0,False,,1,0
bayes,8,19,-1000000.0,False,,1,0
bayes,8,20,-1000000.0,False,,1,0
bayes,8,21,-1000000.0,False,,1,0
bayes,8,22,-1000000.0,False,,1,0
bayes,8,23,-1000000.0,False,,1,0
bayes,8,24,-1000000.0,False,,1,0
bayes,8,25,-1000000.0,False,,1,0
bayes,8,26,-1000000.0,False,,1,0
bayes,8,27,-1000000.0,False,,2,1
bayes,8,28,-1000000.0,False,,1,0
bayes,8,29,-1000000.0,False,,2,2
bayes,8,30,-1000000.0,False,,1,0
bayes,8,31,-1000000.0,False,,3,3
bayes,8,32,-1000000.0,False,,1,0
bayes,8,33,-1000000.0,False,,1,0
bayes,8,34,-1000000.0,False,,2,1
bayes,8,35,-1000000.0,False,,1,0
bayes,8,36,-1000000.0,False,,1,0
bayes,8,37,-1000000.0,False,,1,0
bayes,8,38,-1000000.0,False,,1,0
bayes,8,39,-1000000.0,False,,1,0
bayes,8,40,-1000000.0,False,,1,0
bayes,8,41,-1000000.0,False,,1,0
bayes,8,42,-1000000.0,False,,1,0
bayes,8,43,-1000000.0,False,,1,0
bayes,8,44,-1000000.0,False,,1,0
bayes,8,45,-1000000.0,False,,1,0
bayes,8,46,-1000000.0,False,,1,0
bayes,8,47,-1000000.0,False,,2,1
bayes,8,48,-1000000.0,False,,1,0
bayes,8,49,-1000000.0,False,,1,0
bayes,8,50,-1000000.0,False,,1,0
bayes,8,51,-1000000.0,False,,1,0
bayes,8,52,-1000000.0,False,,1,0
bayes,8,53,-1000000.0,False,,1,0
bayes,8,54,-1000000.0,False,,1,0
bayes,8,55,-1000000.0,False,,1,0
bayes,8,56,-1000000.0,False,,1,0
bayes,8,57,-1000000.0,False,,1,0
bayes,8,58,-1000000.0,False,,1,0
bayes,8,59,-1000000.0,False,,1,0
bayes,8,60,-1000000.0,False,,1,0
bayes,8,61,-1000000.0,False,,1,0
bayes,8,62,-1000000.0,False,,1,0
bayes,8,63,-1000000.0,False,,1,0
bayes,8,64,-1000000.0,False,,2,1
bayes,8,65,-1000000.0,False,,1,0
bayes,8,66,-1000000.0,False,,1,0
bayes,8,67,-1000000.0,False,,1,0
bayes,8,68,-1000000.0,False,,1,0
bayes,8,69,-1000000.0,False,,1,0
bayes,8,70,-1000000.0,False,,2,1
bayes,8,71,-1000000.0,False,,1,0
bayes,8,72,-1000000.0,False,,2,1
bayes,8,73,-1000000.0,False,,1,0
bayes,8,74,-1000000.0,False,,1,0
bayes,8,75,-1000000.0,False,,1,0
bayes,8,76,-1000000.0,False,,1,0
bayes,8,77,-1000000.0,False,,1,0
bayes,8,78,-1000000.0,False,,1,0
bayes,8,79,-1000000.0,False,,2,2
bayes,8,80,-1000000.0,False,,1,0
bayes,8,81,-1000000.0,False,,1,0
bayes,8,82,-1000000.0,False,,1,0
bayes,8,83,-1000000.0,False,,2,1
bayes,8,84,-1000000.0,False,,1,0
bayes,8,85,-1000000.0,False,,2,2
bayes,8,86,-1000000.0,False,,1,0
bayes,8,87,-1000000.0,False,,1,0
bayes,8,88,-1000000.0,False,,1,0
bayes,8,89,-1000000.0,False,,1,0
bayes,8,90,-1000000.0,False,,1,0
bayes,8,91,-1000000.0,False,,1,0
bayes,8,92,-1000000.0,False,,1,0
bayes,8,93,-1000000.0,False,,1,0
bayes,8,94,-1000000.0,False,,1,0
bayes,8,95,-1000000.0,False,,1,1
bayes,8,96,-1000000.0,False,,1,0
bayes,8,97,-1000000.0,False,,1,0
bayes,8,98,-1000000.0,False,,1,0
bayes,8,99,-1000000.0,False,,1,0
bayes,8,100,-1000000.0,False,,1,0
bayes,9,0,-1000000.0,False,,1,0
bayes,9,1,-1000000.0,False,,1,0
bayes,9,2,-1000000.0,False,,1,0
bayes,9,3,-1000000.0,False,,1,0
bayes,9,4,-1000000.0,False,,1,0
bayes,9,5,-1000000.0,False,,1,1
bayes,9,6,-1000000.0,False,,1,0
bayes,9,7,-1000000.0,False,,2,1
bayes,9,8,-1000000.0,False,,2,1
bayes,9,9,-1000000.0,False,,1,0
bayes,9,10,-1000000.0,False,,1,0
bayes,9,11,-1000000.0,False,,1,0
bayes,9,12,-1000000.0,False,,1,0
bayes,9,13,-1000000.0,False,,1,0
bayes,9,14,-1000000.0,False,,1,0
bayes,9,15,-1000000.0,False,,1,0
bayes,9,16,-1000000.0,False,,1,0
bayes,9,17,-1000000.0,False,,1,0
bayes,9,18,-1000000.0,False,,1,1
bayes,9,19,-1000000.0,False,,1,0
bayes,9,20,-1000000.0,False,,1,0
bayes,9,21,-1000000.0,False,,1,0
bayes,9,22,-1000000.0,False,,1,0
bayes,9,23,-1000000.0,False,,1,0
bayes,9,24,-1000000.0,False,,1,0
bayes,9,25,-1000000.0,False,,1,0
bayes,9,26,-1000000.0,False,,1,0
bayes,9,27,-1000000.0,False,,1,0
bayes,9,28,-1000000.0,False,,1,0
bayes,9,29,-1000000.0,False,,1,0
bayes,9,30,-1000000.0,False,,1,0
bayes,9,31,-1000000.0,False,,1,0
bayes,9,32,-1000000.0,False,,2,1
bayes,9,33,-1000000.0,False,,1,0
bayes,9,34,-1000000.0,False,,1,0
bayes,9,35,-1000000.0,False,,1,0
bayes,9,36,-1000000.0,False,,1,0
bayes,9,37,-1000000.0,False,,1,0
bayes,9,38,-1000000.0,False,,2,1
bayes,9,39,-1000000.0,False,,1,0
bayes,9,40,-1000000.0,False,,1,0
bayes,9,41,-1000000.0,False,,1,0
bayes,9,42,-1000000.0,False,,1,0
bayes,9,43,-1000000.0,False,,1,0
bayes,9,44,-1000000.0,False,,2,1
bayes,9,45,-1000000.0,False,,1,0
bayes,9,46,-1000000.0,False,,2,3
bayes,9,47,-1000000.0,False,,1,0
bayes,9,48,-1000000.0,False,,1,0
bayes,9,49,-1000000.0,False,,2,1
bayes,9,50,-1000000.0,False,,1,0
bayes,9,51,-1000000.0,False,,1,1
bayes,9,52,-1000000.0,False,,1,0
bayes,9,53,-1000000.0,False,,1,1
bayes,9,54,-1000000.0,False,,1,0
bayes,9,55,-1000000.0,False,,1,0
bayes,9,56,-1000000.0,False,,1,1
bayes,9,57,-1000000.0,False,,1,0
bayes,9,58,-1000000.0,False,,1,0
bayes,9,59,-1000000.0,False,,1,0
bayes,9,60,-1000000.0,False,,1,0
bayes,9,61,-1000000.0,False,,1,0
bayes,9,62,-1000000.0,False,,1,0
bayes,9,63,-1000000.0,False,,1,0
bayes,9,64,-1000000.0,False,,1,0
bayes,9,65,-1000000.0,False,,1,1
bayes,9,66,-1000000.0,False,,1,0
bayes,9,67,-1000000.0,False,,1,0
bayes,9,68,-1000000.0,False,,2,1
bayes,9,69,-1000000.0,False,,1,0
bayes,9,70,-1000000.0,False,,1,1
bayes,9,71,-1000000.0,False,,1,0
bayes,9,72,-1000000.0,False,,1,0
bayes,9,73,-1000000.0,False,,1,0
bayes,9,74,-1000000.0,False,,1,0
bayes,9,75,-1000000.0,False,,1,0
bayes,9,76,-1000000.0,False,,1,0
bayes,9,77,-1000000.0,False,,1,0
bayes,9,78,-1000000.0,False,,1,0
bayes,9,79,-1000000.0,False,,1,0
bayes,9,80,-1000000.0,False,,1,0
bayes,9,81,-1000000.0,False,,1,0
bayes,9,82,-1000000.0,False,,1,0
bayes,9,83,-1000000.0,False,,1,0
bayes,9,84,-1000000.0,False,,1,0
bayes,9,85,-1000000.0,False,,1,0
bayes,9,86,-1000000.0,False,,1,0
bayes,9,87,-1000000.0,False,,1,0
bayes,9,88,-1000000.0,False,,1,0
bayes,9,89,-1000000.0,False,,1,0
bayes,9,90,-1000000.0,False,,1,0
bayes,9,91,-1000000.0,False,,1,0
bayes,9,92,-1000000.0,False,,1,0
bayes,9,93,-1000000.0,False,,1,0
bayes,9,94,-1000000.0,False,,1,0
bayes,9,95,-1000000.0,False,,1,0
bayes,9,96,-1000000.0,False,,1,0
bayes,9,97,-1000000.0,False,,1,0
bayes,9,98,-1000000.0,False,,1,0
bayes,9,99,-1000000.0,False,,1,0
bayes,9,100,-1000000.0,False,,2,1
bayes,10,0,-1000000.0,False,,1,0
bayes,10,1,-1000000.0,False,,1,0
bayes,10,2,-1000000.0,False,,1,0
bayes,10,3,-1000000.0,False,,1,1
bayes,10,4,-1000000.0,False,,1,0
bayes,10,5,-1000000.0,False,,1,0
bayes,10,6,-1000000.0,False,,1,0
bayes,10,7,-1000000.0,False,,1,0
bayes,10,8,-1000000.0,False,,1,0
bayes,10,9,-1000000.0,False,,1,0
bayes,10,10,-1000000.0,False,,1,0
bayes,10,11,-1000000.0,False,,1,0
bayes,10,12,-1000000.0,False,,1,0
bayes,10,13,-1000000.0,False,,1,0
bayes,10,14,-1000000.0,False,,1,0
bayes,10,15,-1000000.0,False,,2,2
bayes,10,16,-1000000.0,False,,1,0
bayes,10,17,-1000000.0,False,,1,0
bayes,10,18,-1000000.0,False,,2,1
bayes,10,19,-1000000.0,False,,1,0
bayes,10,20,-1000000.0,False,,1,0
bayes,10,21,-1000000.0,False,,1,0
bayes,10,22,-1000000.0,False,,1,0
bayes,10,23,-1000000.0,False,,1,0
bayes,10,24,-1000000.0,False,,1,0
bayes,10,25,-1000000.0,False,,1,0
bayes,10,26,-1000000.0,False,,1,0
bayes,10,27,-1000000.0,False,,1,0
bayes,10,28,-1000000.0,False,,1,0
bayes,10,29,-1000000.0,False,,1,0
bayes,10,30,-1000000.0,False,,1,0
bayes,10,31,-1000000.0,False,,1,0
bayes,10,32,-1000000.0,False,,1,0
bayes,10,33,-1000000.0,False,,1,0
bayes,10,34,-1000000.0,False,,1,0
bayes,10,35,-1000000.0,False,,1,0
bayes,10,36,-1000000.0,False,,1,0
bayes,10,37,-1000000.0,False,,1,0
bayes,10,38,-1000000.0,False,,1,0
bayes,10,39,-1000000.0,False,,1,0
bayes,10,40,-1000000.0,False,,1,0
bayes,10,41,-1000000.0,False,,1,0
bayes,10,42,-1000000.0,False,,1,0
bayes,10,43,-1000000.0,False,,1,0
bayes,10,44,-1000000.0,False,,1,0
bayes,10,45,-1000000.0,False,,1,0
bayes,10,46,-1000000.0,False,,1,0
bayes,10,47,-1000000.0,False,,1,0
bayes,10,48,-1000000.0,False,,1,0
bayes,10,49,-1000000.0,False,,1,0
bayes,10,50,-1000000.0,False,,1,0
bayes,10,51,-1000000.0,False,,1,0
bayes,10,52,-1000000.0,False,,1,0
bayes,10,53,-1000000.0,False,,1,0
bayes,10,54,-1000000.0,False,,1,0
bayes,10,55,-1000000.0,False,,1,0
bayes,10,56,-1000000.0,False,,1,0
bayes,10,57,-1000000.0,False,,1,0
bayes,10,58,-1000000.0,False,,1,0
bayes,10,59,-1000000.0,False,,1,0
bayes,10,60,-1000000.0,False,,1,0
bayes,10,61,-1000000.0,False,,2,2
bayes,10,62,-1000000.0,False,,1,0
bayes,10,63,-1000000.0,False,,1,0
bayes,10,64,-1000000.0,False,,1,0
bayes,10,65,-1000000.0,False,,1,0
bayes,10,66,-1000000.0,False,,1,0
bayes,10,67,-1000000.0,False,,1,0
bayes,10,68,-1000000.0,False,,1,0
bayes,10,69,-1000000.0,False,,1,0
bayes,10,70,-1000000.0,False,,1,0
bayes,10,71,-1000000.0,False,,1,0
bayes,10,72,-1000000.0,False,,1,0
bayes,10,73,-1000000.0,False,,1,0
bayes,10,74,-1000000.0,False,,1,0
bayes,10,75,-1000000.0,False,,1,1
bayes,10,76,-1000000.0,False,,1,0
bayes,10,77,-1000000.0,False,,1,0
bayes,10,78,-1000000.0,False,,1,0
bayes,10,79,-1000000.0,False,,1,0
bayes,10,80,-1000000.0,False,,1,0
bayes,10,81,-1000000.0,False,,1,0
bayes,10,82,-1000000.0,False,,1,0
bayes,10,83,-1000000.0,False,,1,0
bayes,10,84,-1000000.0,False,,1,0
bayes,10,85,-1000000.0,False,,1,0
bayes,10,86,-1000000.0,False,,1,0
bayes,10,87,-1000000.0,False,,1,0
bayes,10,88,-1000000.0,False,,1,0
bayes,10,89,-1000000.0,False,,1,0
bayes,10,90,-1000000.0,False,,1,0
bayes,10,91,-1000000.0,False,,1,0
bayes,10,92,-1000000.0,False,,1,0
bayes,10,93,-1000000.0,False,,1,0
bayes,10,94,-1000000.0,False,,1,0
bayes,10,95,-1000000.0,False,,1,0
bayes,10,96,-1000000.0,False,,1,0
bayes,10,97,-1000000.0,False,,1,0
bayes,10,98,-1000000.0,False,,1,0
bayes,10,99,-1000000.0,False,,1,0
bayes,10,100,-1000000.0,False,,1,0
